Customer_ID,Vehicle_ID,Route_ID,Current_Location,Distance_km,Traffic_Level,Traffic_Delay_min,Route_Condition,Route_Delay_min,Expected_Dwell_min,Actual_Dwell_min,Planned_ETA_min,Actual_ETA_min,Workload_Stops,Max_Workload,Customer_Time_Window,Workload_Status,Baseline_ETA,Dwell_Delay_min,Dynamic_ETA,Baseline_Error,Dynamic_Error,Customer_Notification,Baseline_Status_Enquiry,Dynamic_Status_Enquiry,Main_Error_Cause
C0001,V004,R04,Zone D,4.74,Medium,8,Changed,3,7,9,17,37,58,50,Morning,OVERLOADED,17,2,30,20,7,⚠️ Delay update: Your waste collection ETA has increased by 13 minutes.,1,0,Other Operational Delay
C0002,V005,R04,Zone B,7.38,Low,0,Normal,0,3,8,18,24,55,50,Morning,OVERLOADED,18,5,23,6,1,⚠️ Delay update: Your waste collection ETA has increased by 5 minutes.,0,0,Long Collection Time
C0003,V003,R05,Zone E,0.65,Low,0,Changed,7,3,10,5,24,49,50,Afternoon,SAFE,5,7,19,19,5,⚠️ Delay update: Your waste collection ETA has increased by 14 minutes.,1,0,Long Collection Time
C0004,V005,R08,Zone A,3.74,Low,0,Normal,0,4,7,12,21,42,50,Evening,SAFE,12,3,15,9,6,ℹ️ ETA updated by 3 minutes.,0,0,Normal
C0005,V005,R05,Zone A,8.28,Medium,8,Normal,0,7,7,24,33,38,50,Evening,SAFE,24,0,32,9,1,⚠️ Delay update: Your waste collection ETA has increased by 8 minutes.,0,0,Normal
C0006,V002,R08,Zone A,6.23,Low,1,Normal,0,6,11,19,25,31,50,Afternoon,SAFE,19,5,25,6,0,⚠️ Delay update: Your waste collection ETA has increased by 6 minutes.,0,0,Long Collection Time
C0007,V003,R10,Zone A,3.7,High,28,Normal,0,8,16,16,56,34,50,Afternoon,SAFE,16,8,52,40,4,🚨 Major delay: Your waste collection ETA has increased by 36 minutes.,1,0,Heavy Traffic
C0008,V003,R01,Zone B,9.1,Medium,8,Normal,0,7,6,26,40,50,50,Evening,SAFE,26,-1,33,14,7,⚠️ Delay update: Your waste collection ETA has increased by 7 minutes.,1,0,Other Operational Delay
C0009,V003,R10,Zone C,7.84,Medium,4,Normal,0,5,10,21,30,56,50,Evening,OVERLOADED,21,5,30,9,0,⚠️ Delay update: Your waste collection ETA has increased by 9 minutes.,0,0,Long Collection Time
C0010,V005,R09,Zone D,3.02,Low,3,Changed,7,3,7,10,30,56,50,Afternoon,OVERLOADED,10,4,24,20,6,⚠️ Delay update: Your waste collection ETA has increased by 14 minutes.,1,0,Other Operational Delay
C0011,V004,R06,Zone B,6.63,High,23,Normal,0,5,10,19,52,34,50,Afternoon,SAFE,19,5,47,33,5,🚨 Major delay: Your waste collection ETA has increased by 28 minutes.,1,0,Heavy Traffic
C0012,V003,R03,Zone A,6.16,High,13,Changed,5,6,14,19,46,48,50,Morning,SAFE,19,8,45,27,1,🚨 Major delay: Your waste collection ETA has increased by 26 minutes.,1,0,Long Collection Time
C0013,V005,R08,Zone B,4.31,Medium,7,Changed,5,5,6,14,28,45,50,Morning,SAFE,14,1,27,14,1,⚠️ Delay update: Your waste collection ETA has increased by 13 minutes.,1,0,Other Operational Delay
C0014,V002,R09,Zone E,3.99,Low,2,Normal,0,7,8,15,22,21,50,Evening,SAFE,15,1,18,7,4,ℹ️ ETA updated by 3 minutes.,0,0,Normal
C0015,V004,R06,Zone A,3.76,Medium,4,Normal,0,5,10,13,27,39,50,Afternoon,SAFE,13,5,22,14,5,⚠️ Delay update: Your waste collection ETA has increased by 9 minutes.,1,0,Long Collection Time
C0016,V002,R07,Zone D,6.36,Low,0,Normal,0,6,6,19,26,34,50,Evening,SAFE,19,0,19,7,7,✅ Your waste collection is on schedule.,0,0,Normal
C0017,V004,R01,Zone A,4.7,Low,3,Changed,5,6,5,16,26,23,50,Morning,SAFE,16,-1,23,10,3,⚠️ Delay update: Your waste collection ETA has increased by 7 minutes.,0,0,Normal
C0018,V005,R05,Zone D,8.4,Medium,6,Normal,0,6,13,23,39,41,50,Morning,SAFE,23,7,36,16,3,⚠️ Delay update: Your waste collection ETA has increased by 13 minutes.,1,0,Long Collection Time
C0019,V001,R05,Zone D,6.86,Medium,9,Normal,0,7,14,21,41,57,50,Evening,OVERLOADED,21,7,37,20,4,🚨 Major delay: Your waste collection ETA has increased by 16 minutes.,1,0,Long Collection Time
C0020,V004,R10,Zone C,1.16,Medium,10,Normal,0,6,11,9,29,42,50,Morning,SAFE,9,5,24,20,5,🚨 Major delay: Your waste collection ETA has increased by 15 minutes.,1,0,Long Collection Time
C0021,V002,R04,Zone C,6.58,High,15,Changed,3,3,8,17,44,45,50,Afternoon,SAFE,17,5,40,27,4,🚨 Major delay: Your waste collection ETA has increased by 23 minutes.,1,0,Heavy Traffic
C0022,V005,R06,Zone B,3.08,Medium,7,Normal,0,6,7,13,26,30,50,Evening,SAFE,13,1,21,13,5,⚠️ Delay update: Your waste collection ETA has increased by 8 minutes.,1,0,Other Operational Delay
C0023,V004,R07,Zone B,6.13,Medium,8,Normal,0,5,13,18,40,47,50,Afternoon,SAFE,18,8,34,22,6,🚨 Major delay: Your waste collection ETA has increased by 16 minutes.,1,0,Long Collection Time
C0024,V001,R09,Zone D,6.96,Low,1,Normal,0,8,8,22,29,21,50,Afternoon,SAFE,22,0,23,7,6,ℹ️ ETA updated by 1 minutes.,0,0,Normal
C0025,V001,R01,Zone A,2.69,High,12,Changed,3,5,10,11,31,27,50,Morning,SAFE,11,5,31,20,0,🚨 Major delay: Your waste collection ETA has increased by 20 minutes.,1,0,Long Collection Time
C0026,V003,R06,Zone E,4.84,Low,3,Normal,0,8,15,18,35,48,50,Afternoon,SAFE,18,7,28,17,7,⚠️ Delay update: Your waste collection ETA has increased by 10 minutes.,1,0,Long Collection Time
C0027,V003,R07,Zone E,2.31,High,12,Normal,0,5,4,10,25,30,50,Evening,SAFE,10,-1,21,15,4,⚠️ Delay update: Your waste collection ETA has increased by 11 minutes.,1,0,Other Operational Delay
C0028,V002,R03,Zone A,1.0,High,22,Normal,0,7,9,9,40,56,50,Afternoon,OVERLOADED,9,2,33,31,7,🚨 Major delay: Your waste collection ETA has increased by 24 minutes.,1,0,Heavy Traffic
C0029,V004,R08,Zone A,4.1,Low,1,Blocked,12,5,9,14,36,37,50,Afternoon,SAFE,14,4,31,22,5,🚨 Major delay: Your waste collection ETA has increased by 17 minutes.,1,0,Route Change / Blockage
C0030,V004,R05,Zone C,3.95,Medium,5,Normal,0,7,12,15,28,33,50,Afternoon,SAFE,15,5,25,13,3,⚠️ Delay update: Your waste collection ETA has increased by 10 minutes.,1,0,Long Collection Time
C0031,V003,R09,Zone E,9.96,High,25,Changed,8,7,15,27,75,29,50,Afternoon,SAFE,27,8,68,48,7,🚨 Major delay: Your waste collection ETA has increased by 41 minutes.,1,0,Heavy Traffic
C0032,V004,R05,Zone D,4.74,Medium,9,Normal,0,6,11,16,35,54,50,Afternoon,OVERLOADED,16,5,30,19,5,⚠️ Delay update: Your waste collection ETA has increased by 14 minutes.,1,0,Long Collection Time
C0033,V004,R09,Zone B,3.67,High,15,Normal,0,3,11,11,40,28,50,Morning,SAFE,11,8,34,29,6,🚨 Major delay: Your waste collection ETA has increased by 23 minutes.,1,0,Heavy Traffic
C0034,V001,R10,Zone C,6.01,High,17,Normal,0,8,8,21,43,54,50,Evening,OVERLOADED,21,0,38,22,5,🚨 Major delay: Your waste collection ETA has increased by 17 minutes.,1,0,Heavy Traffic
C0035,V003,R04,Zone E,1.34,Medium,10,Changed,5,6,8,9,30,30,50,Morning,SAFE,9,2,26,21,4,🚨 Major delay: Your waste collection ETA has increased by 17 minutes.,1,0,Other Operational Delay
C0036,V005,R09,Zone A,9.64,Low,3,Normal,0,6,9,26,32,31,50,Evening,SAFE,26,3,32,6,0,⚠️ Delay update: Your waste collection ETA has increased by 6 minutes.,0,0,Normal
C0037,V003,R05,Zone E,6.53,High,15,Changed,7,7,6,21,42,22,50,Evening,SAFE,21,-1,42,21,0,🚨 Major delay: Your waste collection ETA has increased by 21 minutes.,1,0,Heavy Traffic
C0038,V005,R10,Zone D,7.67,Medium,9,Normal,0,7,6,23,31,58,50,Evening,OVERLOADED,23,-1,31,8,0,⚠️ Delay update: Your waste collection ETA has increased by 8 minutes.,0,0,Normal
C0039,V001,R09,Zone C,2.12,Low,3,Normal,0,8,16,13,24,33,50,Evening,SAFE,13,8,24,11,0,⚠️ Delay update: Your waste collection ETA has increased by 11 minutes.,1,0,Long Collection Time
C0040,V002,R03,Zone A,4.39,Low,2,Normal,0,5,6,14,23,47,50,Evening,SAFE,14,1,17,9,6,ℹ️ ETA updated by 3 minutes.,0,0,Normal
C0041,V004,R04,Zone D,4.52,Medium,5,Normal,0,5,13,15,30,30,50,Afternoon,SAFE,15,8,28,15,2,⚠️ Delay update: Your waste collection ETA has increased by 13 minutes.,1,0,Long Collection Time
C0042,V001,R09,Zone B,8.31,High,12,Normal,0,6,7,23,43,58,50,Morning,OVERLOADED,23,1,36,20,7,⚠️ Delay update: Your waste collection ETA has increased by 13 minutes.,1,0,Other Operational Delay
C0043,V004,R10,Zone C,0.51,High,21,Normal,0,4,10,6,37,44,50,Morning,SAFE,6,6,33,31,4,🚨 Major delay: Your waste collection ETA has increased by 27 minutes.,1,0,Heavy Traffic
C0044,V002,R06,Zone D,3.36,Medium,4,Normal,0,4,11,11,23,40,50,Afternoon,SAFE,11,7,22,12,1,⚠️ Delay update: Your waste collection ETA has increased by 11 minutes.,1,0,Long Collection Time
C0045,V002,R02,Zone D,9.82,Low,2,Changed,6,5,4,25,36,29,50,Evening,SAFE,25,-1,32,11,4,⚠️ Delay update: Your waste collection ETA has increased by 7 minutes.,1,0,Other Operational Delay
C0046,V001,R07,Zone A,5.01,Low,2,Normal,0,4,4,15,19,34,50,Morning,SAFE,15,0,17,4,2,ℹ️ ETA updated by 2 minutes.,0,0,Normal
C0047,V002,R02,Zone B,4.13,High,14,Normal,0,5,13,14,36,38,50,Afternoon,SAFE,14,8,36,22,0,🚨 Major delay: Your waste collection ETA has increased by 22 minutes.,1,0,Long Collection Time
C0048,V005,R02,Zone D,1.64,Low,1,Normal,0,7,7,11,14,41,50,Afternoon,SAFE,11,0,12,3,2,ℹ️ ETA updated by 1 minutes.,0,0,Normal
C0049,V002,R01,Zone C,9.75,Low,3,Normal,0,6,8,26,34,40,50,Morning,SAFE,26,2,31,8,3,⚠️ Delay update: Your waste collection ETA has increased by 5 minutes.,0,0,Normal
C0050,V004,R03,Zone D,0.69,Low,0,Normal,0,3,3,5,8,51,50,Morning,OVERLOADED,5,0,5,3,3,✅ Your waste collection is on schedule.,0,0,Normal
C0051,V004,R06,Zone E,7.5,Medium,10,Normal,0,6,11,21,43,42,50,Evening,SAFE,21,5,36,22,7,🚨 Major delay: Your waste collection ETA has increased by 15 minutes.,1,0,Long Collection Time
C0052,V004,R08,Zone C,7.8,High,18,Normal,0,5,12,21,52,32,50,Evening,SAFE,21,7,46,31,6,🚨 Major delay: Your waste collection ETA has increased by 25 minutes.,1,0,Heavy Traffic
C0053,V004,R09,Zone C,2.81,Low,2,Normal,0,5,10,11,22,24,50,Morning,SAFE,11,5,18,11,4,⚠️ Delay update: Your waste collection ETA has increased by 7 minutes.,1,0,Long Collection Time
C0054,V005,R07,Zone D,6.88,Medium,9,Normal,0,6,10,20,37,23,50,Evening,SAFE,20,4,33,17,4,⚠️ Delay update: Your waste collection ETA has increased by 13 minutes.,1,0,Other Operational Delay
C0055,V003,R04,Zone A,1.38,Medium,8,Normal,0,8,16,11,28,47,50,Afternoon,SAFE,11,8,27,17,1,🚨 Major delay: Your waste collection ETA has increased by 16 minutes.,1,0,Long Collection Time
C0056,V001,R06,Zone C,2.94,High,29,Normal,0,5,4,11,45,33,50,Evening,SAFE,11,-1,39,34,6,🚨 Major delay: Your waste collection ETA has increased by 28 minutes.,1,0,Heavy Traffic
C0057,V004,R05,Zone E,7.99,Low,2,Normal,0,4,12,20,31,27,50,Evening,SAFE,20,8,30,11,1,⚠️ Delay update: Your waste collection ETA has increased by 10 minutes.,1,0,Long Collection Time
C0058,V002,R08,Zone A,8.71,Medium,10,Normal,0,4,11,22,42,28,50,Afternoon,SAFE,22,7,39,20,3,🚨 Major delay: Your waste collection ETA has increased by 17 minutes.,1,0,Long Collection Time
C0059,V004,R01,Zone A,6.28,Low,1,Normal,0,5,8,18,22,54,50,Evening,OVERLOADED,18,3,22,4,0,ℹ️ ETA updated by 4 minutes.,0,0,Normal
C0060,V002,R01,Zone A,5.31,High,13,Normal,0,5,8,16,34,56,50,Afternoon,OVERLOADED,16,3,32,18,2,🚨 Major delay: Your waste collection ETA has increased by 16 minutes.,1,0,Other Operational Delay
C0061,V002,R06,Zone C,2.01,Medium,8,Normal,0,8,12,13,26,40,50,Evening,SAFE,13,4,25,13,1,⚠️ Delay update: Your waste collection ETA has increased by 12 minutes.,1,0,Other Operational Delay
C0062,V004,R10,Zone A,1.1,Low,0,Normal,0,4,11,7,19,37,50,Morning,SAFE,7,7,14,12,5,⚠️ Delay update: Your waste collection ETA has increased by 7 minutes.,1,0,Long Collection Time
C0063,V005,R02,Zone D,1.62,Medium,10,Normal,0,5,11,9,26,52,50,Evening,OVERLOADED,9,6,25,17,1,🚨 Major delay: Your waste collection ETA has increased by 16 minutes.,1,0,Long Collection Time
C0064,V002,R05,Zone A,2.66,Medium,5,Normal,0,5,11,11,22,27,50,Morning,SAFE,11,6,22,11,0,⚠️ Delay update: Your waste collection ETA has increased by 11 minutes.,1,0,Long Collection Time
C0065,V002,R01,Zone E,3.75,Low,1,Normal,0,8,14,16,23,36,50,Morning,SAFE,16,6,23,7,0,⚠️ Delay update: Your waste collection ETA has increased by 7 minutes.,0,0,Long Collection Time
C0066,V004,R07,Zone B,4.12,High,26,Normal,0,8,7,17,46,50,50,Morning,SAFE,17,-1,42,29,4,🚨 Major delay: Your waste collection ETA has increased by 25 minutes.,1,0,Heavy Traffic
C0067,V002,R01,Zone E,3.79,Low,3,Normal,0,6,5,14,18,53,50,Morning,OVERLOADED,14,-1,16,4,2,ℹ️ ETA updated by 2 minutes.,0,0,Normal
C0068,V002,R04,Zone C,2.77,Medium,7,Changed,3,8,14,14,30,25,50,Morning,SAFE,14,6,30,16,0,🚨 Major delay: Your waste collection ETA has increased by 16 minutes.,1,0,Long Collection Time
C0069,V004,R09,Zone A,5.34,Medium,8,Normal,0,3,6,14,31,41,50,Afternoon,SAFE,14,3,25,17,6,⚠️ Delay update: Your waste collection ETA has increased by 11 minutes.,1,0,Other Operational Delay
C0070,V004,R01,Zone A,8.34,Medium,4,Normal,0,4,11,21,33,33,50,Afternoon,SAFE,21,7,32,12,1,⚠️ Delay update: Your waste collection ETA has increased by 11 minutes.,1,0,Long Collection Time
C0071,V001,R04,Zone D,3.16,Low,1,Blocked,13,6,6,13,28,22,50,Afternoon,SAFE,13,0,27,15,1,⚠️ Delay update: Your waste collection ETA has increased by 14 minutes.,1,0,Route Change / Blockage
C0072,V005,R06,Zone A,9.45,High,13,Normal,0,3,10,22,45,31,50,Morning,SAFE,22,7,42,23,3,🚨 Major delay: Your waste collection ETA has increased by 20 minutes.,1,0,Long Collection Time
C0073,V005,R06,Zone E,8.8,Medium,4,Normal,0,5,11,23,33,55,50,Evening,OVERLOADED,23,6,33,10,0,⚠️ Delay update: Your waste collection ETA has increased by 10 minutes.,0,0,Long Collection Time
C0074,V002,R08,Zone C,2.04,Medium,4,Normal,0,5,12,10,26,31,50,Afternoon,SAFE,10,7,21,16,5,⚠️ Delay update: Your waste collection ETA has increased by 11 minutes.,1,0,Long Collection Time
C0075,V005,R01,Zone B,7.97,Medium,10,Normal,0,6,8,22,38,21,50,Evening,SAFE,22,2,34,16,4,⚠️ Delay update: Your waste collection ETA has increased by 12 minutes.,1,0,Other Operational Delay
C0076,V002,R07,Zone A,5.96,Medium,8,Normal,0,8,7,20,29,21,50,Evening,SAFE,20,-1,27,9,2,⚠️ Delay update: Your waste collection ETA has increased by 7 minutes.,0,0,Normal
C0077,V001,R01,Zone B,5.88,Low,0,Blocked,15,5,4,17,36,34,50,Morning,SAFE,17,-1,31,19,5,⚠️ Delay update: Your waste collection ETA has increased by 14 minutes.,1,0,Route Change / Blockage
C0078,V004,R07,Zone A,4.21,Low,3,Normal,0,7,10,16,26,42,50,Morning,SAFE,16,3,22,10,4,⚠️ Delay update: Your waste collection ETA has increased by 6 minutes.,0,0,Normal
C0079,V004,R03,Zone C,5.26,High,17,Normal,0,6,6,17,35,48,50,Morning,SAFE,17,0,34,18,1,🚨 Major delay: Your waste collection ETA has increased by 17 minutes.,1,0,Heavy Traffic
C0080,V004,R08,Zone E,4.27,Low,1,Normal,0,3,9,12,24,36,50,Afternoon,SAFE,12,6,19,12,5,⚠️ Delay update: Your waste collection ETA has increased by 7 minutes.,1,0,Long Collection Time
C0081,V005,R03,Zone C,5.63,Medium,6,Normal,0,6,14,18,36,51,50,Morning,OVERLOADED,18,8,32,18,4,⚠️ Delay update: Your waste collection ETA has increased by 14 minutes.,1,0,Long Collection Time
C0082,V001,R01,Zone B,6.47,High,22,Normal,0,4,7,17,43,26,50,Afternoon,SAFE,17,3,42,26,1,🚨 Major delay: Your waste collection ETA has increased by 25 minutes.,1,0,Heavy Traffic
C0083,V005,R08,Zone A,6.91,Low,2,Changed,4,8,11,22,32,49,50,Afternoon,SAFE,22,3,31,10,1,⚠️ Delay update: Your waste collection ETA has increased by 9 minutes.,0,0,Normal
C0084,V005,R03,Zone B,5.56,Medium,9,Blocked,15,8,8,20,45,47,50,Afternoon,SAFE,20,0,44,25,1,🚨 Major delay: Your waste collection ETA has increased by 24 minutes.,1,0,Route Change / Blockage
C0085,V001,R02,Zone E,7.35,Medium,6,Normal,0,6,11,21,33,33,50,Afternoon,SAFE,21,5,32,12,1,⚠️ Delay update: Your waste collection ETA has increased by 11 minutes.,1,0,Long Collection Time
C0086,V001,R01,Zone C,1.84,Medium,5,Changed,5,5,11,9,31,49,50,Morning,SAFE,9,6,25,22,6,🚨 Major delay: Your waste collection ETA has increased by 16 minutes.,1,0,Long Collection Time
C0087,V001,R03,Zone B,2.51,Low,2,Normal,0,5,13,11,22,36,50,Afternoon,SAFE,11,8,21,11,1,⚠️ Delay update: Your waste collection ETA has increased by 10 minutes.,1,0,Long Collection Time
C0088,V001,R02,Zone B,8.28,Low,2,Normal,0,7,6,24,28,51,50,Morning,OVERLOADED,24,-1,25,4,3,ℹ️ ETA updated by 1 minutes.,0,0,Normal
C0089,V004,R02,Zone E,3.56,Medium,8,Normal,0,7,7,15,28,25,50,Morning,SAFE,15,0,23,13,5,⚠️ Delay update: Your waste collection ETA has increased by 8 minutes.,1,0,Other Operational Delay
C0090,V003,R06,Zone A,0.72,High,16,Normal,0,8,16,10,38,43,50,Afternoon,SAFE,10,8,34,28,4,🚨 Major delay: Your waste collection ETA has increased by 24 minutes.,1,0,Heavy Traffic
C0091,V003,R01,Zone B,1.96,Medium,8,Normal,0,7,9,11,24,25,50,Morning,SAFE,11,2,21,13,3,⚠️ Delay update: Your waste collection ETA has increased by 10 minutes.,1,0,Other Operational Delay
C0092,V001,R02,Zone E,2.62,Medium,4,Normal,0,3,6,9,22,46,50,Evening,SAFE,9,3,16,13,6,⚠️ Delay update: Your waste collection ETA has increased by 7 minutes.,1,0,Other Operational Delay
C0093,V003,R06,Zone A,9.59,Low,3,Normal,0,7,7,27,37,37,50,Morning,SAFE,27,0,30,10,7,ℹ️ ETA updated by 3 minutes.,0,0,Normal
C0094,V003,R03,Zone A,5.94,Medium,4,Normal,0,3,2,15,25,43,50,Morning,SAFE,15,-1,18,10,7,ℹ️ ETA updated by 3 minutes.,0,0,Normal
C0095,V001,R04,Zone C,9.36,Low,0,Normal,0,7,14,26,36,56,50,Afternoon,OVERLOADED,26,7,33,10,3,⚠️ Delay update: Your waste collection ETA has increased by 7 minutes.,0,0,Long Collection Time
C0096,V003,R01,Zone E,5.96,High,25,Blocked,10,8,7,20,54,43,50,Afternoon,SAFE,20,-1,54,34,0,🚨 Major delay: Your waste collection ETA has increased by 34 minutes.,1,0,Heavy Traffic
C0097,V005,R08,Zone A,5.05,High,11,Normal,0,8,10,19,32,57,50,Morning,OVERLOADED,19,2,32,13,0,⚠️ Delay update: Your waste collection ETA has increased by 13 minutes.,1,0,Other Operational Delay
C0098,V002,R07,Zone C,3.48,Medium,9,Normal,0,3,3,10,19,53,50,Afternoon,OVERLOADED,10,0,19,9,0,⚠️ Delay update: Your waste collection ETA has increased by 9 minutes.,0,0,Normal
C0099,V002,R07,Zone D,6.26,High,27,Normal,0,6,8,19,50,59,50,Evening,OVERLOADED,19,2,48,31,2,🚨 Major delay: Your waste collection ETA has increased by 29 minutes.,1,0,Heavy Traffic
C0100,V001,R03,Zone E,1.82,Low,2,Normal,0,8,14,12,20,34,50,Evening,SAFE,12,6,20,8,0,⚠️ Delay update: Your waste collection ETA has increased by 8 minutes.,0,0,Long Collection Time
C0101,V004,R10,Zone D,9.03,Medium,4,Normal,0,6,12,25,39,30,50,Afternoon,SAFE,25,6,35,14,4,⚠️ Delay update: Your waste collection ETA has increased by 10 minutes.,1,0,Long Collection Time
C0102,V001,R10,Zone A,8.38,Low,1,Normal,0,5,12,22,33,41,50,Morning,SAFE,22,7,30,11,3,⚠️ Delay update: Your waste collection ETA has increased by 8 minutes.,1,0,Long Collection Time
C0103,V004,R03,Zone E,3.52,High,16,Normal,0,3,6,11,34,43,50,Evening,SAFE,11,3,30,23,4,🚨 Major delay: Your waste collection ETA has increased by 19 minutes.,1,0,Heavy Traffic
C0104,V002,R02,Zone C,9.55,Low,0,Normal,0,8,13,28,38,20,50,Evening,SAFE,28,5,33,10,5,⚠️ Delay update: Your waste collection ETA has increased by 5 minutes.,0,0,Long Collection Time
C0105,V001,R01,Zone A,8.34,Medium,5,Normal,0,4,5,21,27,37,50,Morning,SAFE,21,1,27,6,0,⚠️ Delay update: Your waste collection ETA has increased by 6 minutes.,0,0,Normal
C0106,V005,R07,Zone E,6.83,High,23,Normal,0,5,13,19,56,31,50,Afternoon,SAFE,19,8,50,37,6,🚨 Major delay: Your waste collection ETA has increased by 31 minutes.,1,0,Heavy Traffic
C0107,V003,R07,Zone E,1.66,Low,1,Normal,0,6,8,10,15,47,50,Evening,SAFE,10,2,13,5,2,ℹ️ ETA updated by 3 minutes.,0,0,Normal
C0108,V004,R02,Zone D,5.04,Low,1,Normal,0,8,16,19,33,59,50,Morning,OVERLOADED,19,8,28,14,5,⚠️ Delay update: Your waste collection ETA has increased by 9 minutes.,1,0,Long Collection Time
C0109,V003,R07,Zone A,5.31,Medium,8,Normal,0,3,10,14,35,26,50,Morning,SAFE,14,7,29,21,6,🚨 Major delay: Your waste collection ETA has increased by 15 minutes.,1,0,Long Collection Time
C0110,V003,R08,Zone C,2.71,Medium,6,Normal,0,7,15,13,29,42,50,Evening,SAFE,13,8,27,16,2,⚠️ Delay update: Your waste collection ETA has increased by 14 minutes.,1,0,Long Collection Time
C0111,V001,R01,Zone C,1.26,Low,0,Normal,0,4,12,7,22,40,50,Afternoon,SAFE,7,8,15,15,7,⚠️ Delay update: Your waste collection ETA has increased by 8 minutes.,1,0,Long Collection Time
C0112,V003,R09,Zone A,7.88,Low,1,Blocked,13,6,5,22,40,53,50,Evening,OVERLOADED,22,-1,35,18,5,⚠️ Delay update: Your waste collection ETA has increased by 13 minutes.,1,0,Route Change / Blockage
C0113,V005,R07,Zone A,1.66,Low,0,Normal,0,5,5,9,16,30,50,Morning,SAFE,9,0,9,7,7,✅ Your waste collection is on schedule.,0,0,Normal
C0114,V003,R03,Zone B,6.15,High,25,Normal,0,3,6,16,47,41,50,Evening,SAFE,16,3,44,31,3,🚨 Major delay: Your waste collection ETA has increased by 28 minutes.,1,0,Heavy Traffic
C0115,V001,R08,Zone D,9.4,Medium,10,Normal,0,4,5,23,38,54,50,Afternoon,OVERLOADED,23,1,34,15,4,⚠️ Delay update: Your waste collection ETA has increased by 11 minutes.,1,0,Other Operational Delay
C0116,V005,R07,Zone A,8.82,Low,0,Normal,0,3,3,21,22,48,50,Morning,SAFE,21,0,21,1,1,✅ Your waste collection is on schedule.,0,0,Normal
C0117,V002,R08,Zone A,3.14,Low,3,Normal,0,8,7,15,21,47,50,Afternoon,SAFE,15,-1,17,6,4,ℹ️ ETA updated by 2 minutes.,0,0,Normal
C0118,V003,R06,Zone B,8.59,Low,2,Changed,5,7,15,25,40,37,50,Evening,SAFE,25,8,40,15,0,🚨 Major delay: Your waste collection ETA has increased by 15 minutes.,1,0,Long Collection Time
C0119,V001,R09,Zone B,0.5,Low,3,Blocked,9,5,6,6,26,33,50,Evening,SAFE,6,1,19,20,7,⚠️ Delay update: Your waste collection ETA has increased by 13 minutes.,1,0,Route Change / Blockage
C0120,V002,R05,Zone E,0.67,Medium,10,Normal,0,3,2,5,20,37,50,Afternoon,SAFE,5,-1,14,15,6,⚠️ Delay update: Your waste collection ETA has increased by 9 minutes.,1,0,Other Operational Delay
C0121,V002,R03,Zone C,6.22,Low,0,Normal,0,6,5,19,19,47,50,Evening,SAFE,19,-1,18,0,1,✅ Your waste collection is on schedule.,0,0,Normal
C0122,V004,R03,Zone D,3.97,Low,3,Normal,0,8,7,16,20,43,50,Afternoon,SAFE,16,-1,18,4,2,ℹ️ ETA updated by 2 minutes.,0,0,Normal
C0123,V005,R01,Zone E,4.17,Medium,5,Normal,0,8,14,17,35,27,50,Evening,SAFE,17,6,28,18,7,⚠️ Delay update: Your waste collection ETA has increased by 11 minutes.,1,0,Long Collection Time
C0124,V003,R08,Zone A,5.86,Low,3,Normal,0,5,6,17,24,27,50,Afternoon,SAFE,17,1,21,7,3,ℹ️ ETA updated by 4 minutes.,0,0,Normal
C0125,V001,R02,Zone B,2.32,Medium,10,Normal,0,8,7,13,25,23,50,Afternoon,SAFE,13,-1,22,12,3,⚠️ Delay update: Your waste collection ETA has increased by 9 minutes.,1,0,Other Operational Delay
C0126,V004,R03,Zone C,2.51,Medium,8,Normal,0,6,11,12,32,46,50,Morning,SAFE,12,5,25,20,7,⚠️ Delay update: Your waste collection ETA has increased by 13 minutes.,1,0,Long Collection Time
C0127,V005,R08,Zone E,5.1,Medium,10,Normal,0,3,11,14,39,55,50,Morning,OVERLOADED,14,8,32,25,7,🚨 Major delay: Your waste collection ETA has increased by 18 minutes.,1,0,Long Collection Time
C0128,V004,R08,Zone C,7.67,Medium,7,Normal,0,5,6,21,36,24,50,Afternoon,SAFE,21,1,29,15,7,⚠️ Delay update: Your waste collection ETA has increased by 8 minutes.,1,0,Other Operational Delay
C0129,V005,R04,Zone B,6.39,Medium,9,Normal,0,8,14,21,38,52,50,Evening,OVERLOADED,21,6,36,17,2,🚨 Major delay: Your waste collection ETA has increased by 15 minutes.,1,0,Long Collection Time
C0130,V005,R04,Zone E,3.32,High,10,Normal,0,8,10,15,27,53,50,Evening,OVERLOADED,15,2,27,12,0,⚠️ Delay update: Your waste collection ETA has increased by 12 minutes.,1,0,Other Operational Delay
C0131,V003,R05,Zone E,4.59,Medium,4,Normal,0,6,8,16,24,49,50,Evening,SAFE,16,2,22,8,2,⚠️ Delay update: Your waste collection ETA has increased by 6 minutes.,0,0,Normal
C0132,V005,R06,Zone C,2.12,Medium,7,Changed,8,7,10,12,35,27,50,Afternoon,SAFE,12,3,30,23,5,🚨 Major delay: Your waste collection ETA has increased by 18 minutes.,1,0,Route Change / Blockage
C0133,V004,R05,Zone B,1.21,High,18,Normal,0,7,11,10,38,58,50,Afternoon,OVERLOADED,10,4,32,28,6,🚨 Major delay: Your waste collection ETA has increased by 22 minutes.,1,0,Heavy Traffic
C0134,V005,R07,Zone A,7.94,Medium,9,Normal,0,8,13,24,45,45,50,Afternoon,SAFE,24,5,38,21,7,⚠️ Delay update: Your waste collection ETA has increased by 14 minutes.,1,0,Long Collection Time
C0135,V003,R02,Zone E,3.02,Low,2,Normal,0,3,5,10,20,56,50,Afternoon,OVERLOADED,10,2,14,10,6,ℹ️ ETA updated by 4 minutes.,0,0,Normal
C0136,V003,R07,Zone A,2.19,Low,0,Normal,0,5,11,10,16,53,50,Morning,OVERLOADED,10,6,16,6,0,⚠️ Delay update: Your waste collection ETA has increased by 6 minutes.,0,0,Long Collection Time
C0137,V004,R10,Zone B,7.07,Low,3,Normal,0,8,12,23,31,26,50,Afternoon,SAFE,23,4,30,8,1,⚠️ Delay update: Your waste collection ETA has increased by 7 minutes.,0,0,Normal
C0138,V002,R07,Zone E,6.37,High,12,Normal,0,4,3,17,30,59,50,Evening,OVERLOADED,17,-1,28,13,2,⚠️ Delay update: Your waste collection ETA has increased by 11 minutes.,1,0,Other Operational Delay
C0139,V002,R01,Zone E,6.52,Medium,6,Changed,3,5,4,19,27,47,50,Morning,SAFE,19,-1,27,8,0,⚠️ Delay update: Your waste collection ETA has increased by 8 minutes.,0,0,Normal
C0140,V005,R07,Zone A,2.67,High,11,Normal,0,7,14,13,37,58,50,Evening,OVERLOADED,13,7,31,24,6,🚨 Major delay: Your waste collection ETA has increased by 18 minutes.,1,0,Long Collection Time
C0141,V001,R05,Zone D,2.71,Medium,4,Normal,0,8,16,14,27,58,50,Afternoon,OVERLOADED,14,8,26,13,1,⚠️ Delay update: Your waste collection ETA has increased by 12 minutes.,1,0,Long Collection Time
C0142,V005,R03,Zone A,2.6,Medium,10,Normal,0,6,10,12,28,47,50,Morning,SAFE,12,4,26,16,2,⚠️ Delay update: Your waste collection ETA has increased by 14 minutes.,1,0,Other Operational Delay
C0143,V004,R03,Zone A,2.15,Low,3,Blocked,9,4,12,9,32,33,50,Afternoon,SAFE,9,8,29,23,3,🚨 Major delay: Your waste collection ETA has increased by 20 minutes.,1,0,Route Change / Blockage
C0144,V004,R04,Zone D,6.73,Medium,4,Normal,0,8,14,22,34,57,50,Morning,OVERLOADED,22,6,32,12,2,⚠️ Delay update: Your waste collection ETA has increased by 10 minutes.,1,0,Long Collection Time
C0145,V004,R02,Zone B,8.56,Medium,8,Blocked,12,3,8,21,50,23,50,Evening,SAFE,21,5,46,29,4,🚨 Major delay: Your waste collection ETA has increased by 25 minutes.,1,0,Route Change / Blockage
C0146,V004,R02,Zone B,7.38,High,23,Changed,8,4,8,19,56,37,50,Afternoon,SAFE,19,4,54,37,2,🚨 Major delay: Your waste collection ETA has increased by 35 minutes.,1,0,Heavy Traffic
C0147,V004,R01,Zone E,8.02,Low,0,Normal,0,8,10,25,31,44,50,Afternoon,SAFE,25,2,27,6,4,ℹ️ ETA updated by 2 minutes.,0,0,Normal
C0148,V003,R05,Zone C,4.35,Medium,4,Changed,8,3,8,12,30,26,50,Morning,SAFE,12,5,29,18,1,🚨 Major delay: Your waste collection ETA has increased by 17 minutes.,1,0,Route Change / Blockage
C0149,V002,R04,Zone C,6.71,Medium,6,Blocked,9,4,11,18,42,57,50,Morning,OVERLOADED,18,7,40,24,2,🚨 Major delay: Your waste collection ETA has increased by 22 minutes.,1,0,Route Change / Blockage
C0150,V004,R10,Zone E,3.87,Medium,9,Normal,0,3,11,11,29,47,50,Afternoon,SAFE,11,8,28,18,1,🚨 Major delay: Your waste collection ETA has increased by 17 minutes.,1,0,Long Collection Time
C0151,V001,R02,Zone C,5.49,Medium,7,Normal,0,3,11,14,30,24,50,Morning,SAFE,14,8,29,16,1,🚨 Major delay: Your waste collection ETA has increased by 15 minutes.,1,0,Long Collection Time
C0152,V001,R03,Zone A,5.08,Medium,4,Normal,0,4,9,15,30,22,50,Afternoon,SAFE,15,5,24,15,6,⚠️ Delay update: Your waste collection ETA has increased by 9 minutes.,1,0,Long Collection Time
C0153,V001,R07,Zone A,2.18,Low,2,Normal,0,4,3,9,10,50,50,Morning,SAFE,9,-1,10,1,0,ℹ️ ETA updated by 1 minutes.,0,0,Normal
C0154,V001,R07,Zone D,4.18,Medium,5,Normal,0,3,11,12,26,39,50,Evening,SAFE,12,8,25,14,1,⚠️ Delay update: Your waste collection ETA has increased by 13 minutes.,1,0,Long Collection Time
C0155,V003,R04,Zone D,9.66,Medium,9,Normal,0,7,14,27,44,38,50,Morning,SAFE,27,7,43,17,1,🚨 Major delay: Your waste collection ETA has increased by 16 minutes.,1,0,Long Collection Time
C0156,V001,R05,Zone E,2.86,High,28,Normal,0,4,6,10,46,30,50,Evening,SAFE,10,2,40,36,6,🚨 Major delay: Your waste collection ETA has increased by 30 minutes.,1,0,Heavy Traffic
C0157,V004,R05,Zone E,1.77,High,20,Normal,0,8,9,12,39,59,50,Morning,OVERLOADED,12,1,33,27,6,🚨 Major delay: Your waste collection ETA has increased by 21 minutes.,1,0,Heavy Traffic
C0158,V005,R06,Zone E,4.48,Low,2,Normal,0,5,7,14,20,22,50,Morning,SAFE,14,2,18,6,2,ℹ️ ETA updated by 4 minutes.,0,0,Normal
C0159,V001,R09,Zone A,8.01,Low,2,Changed,7,6,8,23,40,42,50,Afternoon,SAFE,23,2,34,17,6,⚠️ Delay update: Your waste collection ETA has increased by 11 minutes.,1,0,Other Operational Delay
C0160,V003,R02,Zone C,6.03,High,26,Normal,0,3,11,16,52,26,50,Morning,SAFE,16,8,50,36,2,🚨 Major delay: Your waste collection ETA has increased by 34 minutes.,1,0,Heavy Traffic
C0161,V003,R05,Zone E,6.97,Medium,4,Normal,0,3,3,17,24,42,50,Morning,SAFE,17,0,21,7,3,ℹ️ ETA updated by 4 minutes.,0,0,Normal
C0162,V001,R03,Zone E,2.3,High,30,Normal,0,6,5,11,46,26,50,Evening,SAFE,11,-1,40,35,6,🚨 Major delay: Your waste collection ETA has increased by 29 minutes.,1,0,Heavy Traffic
C0163,V005,R04,Zone A,6.38,Low,0,Normal,0,7,15,20,28,53,50,Morning,OVERLOADED,20,8,28,8,0,⚠️ Delay update: Your waste collection ETA has increased by 8 minutes.,0,0,Long Collection Time
C0164,V001,R10,Zone A,3.57,Medium,10,Blocked,15,6,5,14,39,38,50,Afternoon,SAFE,14,-1,38,25,1,🚨 Major delay: Your waste collection ETA has increased by 24 minutes.,1,0,Route Change / Blockage
C0165,V003,R06,Zone A,8.43,High,15,Normal,0,4,10,21,42,28,50,Evening,SAFE,21,6,42,21,0,🚨 Major delay: Your waste collection ETA has increased by 21 minutes.,1,0,Heavy Traffic
C0166,V002,R08,Zone C,6.48,High,27,Normal,0,6,6,19,50,37,50,Afternoon,SAFE,19,0,46,31,4,🚨 Major delay: Your waste collection ETA has increased by 27 minutes.,1,0,Heavy Traffic
C0167,V004,R01,Zone E,2.39,Low,1,Changed,5,3,11,8,29,60,50,Afternoon,OVERLOADED,8,8,22,21,7,⚠️ Delay update: Your waste collection ETA has increased by 14 minutes.,1,0,Long Collection Time
C0168,V003,R10,Zone B,1.11,Medium,8,Changed,3,6,9,9,29,44,50,Afternoon,SAFE,9,3,23,20,6,⚠️ Delay update: Your waste collection ETA has increased by 14 minutes.,1,0,Other Operational Delay
C0169,V001,R08,Zone B,0.91,Medium,8,Normal,0,5,7,7,18,33,50,Afternoon,SAFE,7,2,17,11,1,⚠️ Delay update: Your waste collection ETA has increased by 10 minutes.,1,0,Other Operational Delay
C0170,V004,R07,Zone E,4.03,Low,3,Normal,0,8,14,17,26,44,50,Evening,SAFE,17,6,26,9,0,⚠️ Delay update: Your waste collection ETA has increased by 9 minutes.,0,0,Long Collection Time
C0171,V001,R01,Zone E,3.03,Medium,6,Normal,0,4,4,11,23,38,50,Morning,SAFE,11,0,17,12,6,⚠️ Delay update: Your waste collection ETA has increased by 6 minutes.,1,0,Other Operational Delay
C0172,V001,R02,Zone E,6.64,Medium,9,Normal,0,6,14,20,43,58,50,Afternoon,OVERLOADED,20,8,37,23,6,🚨 Major delay: Your waste collection ETA has increased by 17 minutes.,1,0,Long Collection Time
C0173,V002,R03,Zone E,5.24,High,17,Normal,0,3,10,14,45,34,50,Evening,SAFE,14,7,38,31,7,🚨 Major delay: Your waste collection ETA has increased by 24 minutes.,1,0,Heavy Traffic
C0174,V004,R01,Zone C,3.03,Medium,4,Normal,0,8,13,15,27,35,50,Afternoon,SAFE,15,5,24,12,3,⚠️ Delay update: Your waste collection ETA has increased by 9 minutes.,1,0,Long Collection Time
C0175,V004,R09,Zone B,1.92,Low,0,Changed,7,4,9,8,23,46,50,Morning,SAFE,8,5,20,15,3,⚠️ Delay update: Your waste collection ETA has increased by 12 minutes.,1,0,Long Collection Time
C0176,V002,R08,Zone D,1.71,Low,2,Normal,0,3,2,7,9,59,50,Evening,OVERLOADED,7,-1,8,2,1,ℹ️ ETA updated by 1 minutes.,0,0,Normal
C0177,V003,R02,Zone B,8.71,Medium,6,Normal,0,7,7,25,35,29,50,Evening,SAFE,25,0,31,10,4,⚠️ Delay update: Your waste collection ETA has increased by 6 minutes.,0,0,Normal
C0178,V001,R09,Zone B,2.81,Low,2,Changed,8,5,7,11,26,23,50,Morning,SAFE,11,2,23,15,3,⚠️ Delay update: Your waste collection ETA has increased by 12 minutes.,1,0,Route Change / Blockage
C0179,V005,R07,Zone A,6.69,Medium,4,Normal,0,7,9,21,34,38,50,Evening,SAFE,21,2,27,13,7,⚠️ Delay update: Your waste collection ETA has increased by 6 minutes.,1,0,Other Operational Delay
C0180,V001,R09,Zone E,8.2,Low,0,Blocked,11,5,6,22,37,47,50,Morning,SAFE,22,1,34,15,3,⚠️ Delay update: Your waste collection ETA has increased by 12 minutes.,1,0,Route Change / Blockage
C0181,V001,R06,Zone E,6.33,High,28,Blocked,13,6,11,19,69,40,50,Evening,SAFE,19,5,65,50,4,🚨 Major delay: Your waste collection ETA has increased by 46 minutes.,1,0,Heavy Traffic
C0182,V003,R06,Zone E,8.67,High,11,Normal,0,4,10,22,39,33,50,Evening,SAFE,22,6,39,17,0,🚨 Major delay: Your waste collection ETA has increased by 17 minutes.,1,0,Long Collection Time
C0183,V001,R04,Zone A,4.23,Medium,10,Normal,0,6,6,15,28,52,50,Morning,OVERLOADED,15,0,25,13,3,⚠️ Delay update: Your waste collection ETA has increased by 10 minutes.,1,0,Other Operational Delay
C0184,V002,R10,Zone C,9.58,High,17,Normal,0,5,7,25,51,29,50,Morning,SAFE,25,2,44,26,7,🚨 Major delay: Your waste collection ETA has increased by 19 minutes.,1,0,Heavy Traffic
C0185,V002,R10,Zone C,1.76,Medium,6,Normal,0,5,6,9,18,38,50,Evening,SAFE,9,1,16,9,2,⚠️ Delay update: Your waste collection ETA has increased by 7 minutes.,0,0,Normal
C0186,V004,R02,Zone D,1.47,Medium,10,Normal,0,5,5,8,25,49,50,Evening,SAFE,8,0,18,17,7,⚠️ Delay update: Your waste collection ETA has increased by 10 minutes.,1,0,Other Operational Delay
C0187,V005,R07,Zone C,6.76,Low,3,Normal,0,8,12,22,34,41,50,Morning,SAFE,22,4,29,12,5,⚠️ Delay update: Your waste collection ETA has increased by 7 minutes.,1,0,Other Operational Delay
C0188,V001,R05,Zone C,9.46,Medium,6,Blocked,14,3,5,22,49,22,50,Morning,SAFE,22,2,44,27,5,🚨 Major delay: Your waste collection ETA has increased by 22 minutes.,1,0,Route Change / Blockage
C0189,V001,R06,Zone E,8.18,Medium,4,Normal,0,4,8,21,32,56,50,Evening,OVERLOADED,21,4,29,11,3,⚠️ Delay update: Your waste collection ETA has increased by 8 minutes.,1,0,Other Operational Delay
C0190,V003,R02,Zone B,1.23,High,15,Normal,0,6,6,9,24,60,50,Evening,OVERLOADED,9,0,24,15,0,🚨 Major delay: Your waste collection ETA has increased by 15 minutes.,1,0,Heavy Traffic
C0191,V002,R05,Zone C,3.15,Medium,6,Normal,0,6,8,13,27,37,50,Evening,SAFE,13,2,21,14,6,⚠️ Delay update: Your waste collection ETA has increased by 8 minutes.,1,0,Other Operational Delay
C0192,V005,R10,Zone C,9.34,High,15,Normal,0,7,11,26,45,30,50,Morning,SAFE,26,4,45,19,0,🚨 Major delay: Your waste collection ETA has increased by 19 minutes.,1,0,Heavy Traffic
C0193,V004,R04,Zone A,2.9,Medium,7,Changed,6,5,8,11,34,21,50,Evening,SAFE,11,3,27,23,7,🚨 Major delay: Your waste collection ETA has increased by 16 minutes.,1,0,Other Operational Delay
C0194,V002,R09,Zone D,7.92,Low,1,Normal,0,5,6,21,24,31,50,Afternoon,SAFE,21,1,23,3,1,ℹ️ ETA updated by 2 minutes.,0,0,Normal
C0195,V004,R06,Zone A,8.34,High,15,Normal,0,5,11,22,45,25,50,Morning,SAFE,22,6,43,23,2,🚨 Major delay: Your waste collection ETA has increased by 21 minutes.,1,0,Heavy Traffic
C0196,V003,R02,Zone E,5.21,Medium,10,Normal,0,6,11,17,32,59,50,Evening,OVERLOADED,17,5,32,15,0,🚨 Major delay: Your waste collection ETA has increased by 15 minutes.,1,0,Long Collection Time
C0197,V003,R01,Zone B,4.17,Low,0,Normal,0,7,8,16,21,48,50,Morning,SAFE,16,1,17,5,4,ℹ️ ETA updated by 1 minutes.,0,0,Normal
C0198,V001,R05,Zone D,4.78,Medium,6,Normal,0,3,7,13,30,49,50,Afternoon,SAFE,13,4,23,17,7,⚠️ Delay update: Your waste collection ETA has increased by 10 minutes.,1,0,Other Operational Delay
C0199,V005,R09,Zone A,2.66,Low,3,Normal,0,8,10,14,21,21,50,Morning,SAFE,14,2,19,7,2,⚠️ Delay update: Your waste collection ETA has increased by 5 minutes.,0,0,Normal
C0200,V004,R06,Zone C,8.95,Medium,7,Normal,0,4,7,22,37,28,50,Evening,SAFE,22,3,32,15,5,⚠️ Delay update: Your waste collection ETA has increased by 10 minutes.,1,0,Other Operational Delay
C0201,V002,R10,Zone C,4.78,Medium,9,Blocked,13,3,6,13,45,21,50,Afternoon,SAFE,13,3,38,32,7,🚨 Major delay: Your waste collection ETA has increased by 25 minutes.,1,0,Route Change / Blockage
C0202,V003,R07,Zone D,8.88,Medium,5,Changed,4,6,11,24,40,48,50,Afternoon,SAFE,24,5,38,16,2,⚠️ Delay update: Your waste collection ETA has increased by 14 minutes.,1,0,Long Collection Time
C0203,V001,R05,Zone C,1.5,High,26,Normal,0,8,11,11,44,52,50,Evening,OVERLOADED,11,3,40,33,4,🚨 Major delay: Your waste collection ETA has increased by 29 minutes.,1,0,Heavy Traffic
C0204,V001,R10,Zone A,9.89,Medium,6,Changed,7,8,9,28,45,29,50,Evening,SAFE,28,1,42,17,3,⚠️ Delay update: Your waste collection ETA has increased by 14 minutes.,1,0,Other Operational Delay
C0205,V004,R06,Zone A,4.71,Low,3,Normal,0,8,16,18,33,53,50,Evening,OVERLOADED,18,8,29,15,4,⚠️ Delay update: Your waste collection ETA has increased by 11 minutes.,1,0,Long Collection Time
C0206,V003,R05,Zone C,0.95,Medium,5,Normal,0,5,8,7,19,27,50,Morning,SAFE,7,3,15,12,4,⚠️ Delay update: Your waste collection ETA has increased by 8 minutes.,1,0,Other Operational Delay
C0207,V005,R09,Zone C,0.86,High,22,Normal,0,4,9,6,36,56,50,Morning,OVERLOADED,6,5,33,30,3,🚨 Major delay: Your waste collection ETA has increased by 27 minutes.,1,0,Heavy Traffic
C0208,V003,R06,Zone E,7.59,Low,3,Normal,0,6,9,22,31,52,50,Morning,OVERLOADED,22,3,28,9,3,⚠️ Delay update: Your waste collection ETA has increased by 6 minutes.,0,0,Normal
C0209,V004,R08,Zone B,6.76,Low,1,Normal,0,6,9,20,27,25,50,Evening,SAFE,20,3,24,7,3,ℹ️ ETA updated by 4 minutes.,0,0,Normal
C0210,V004,R02,Zone D,8.12,Low,3,Normal,0,8,15,25,38,59,50,Evening,OVERLOADED,25,7,35,13,3,⚠️ Delay update: Your waste collection ETA has increased by 10 minutes.,1,0,Long Collection Time
C0211,V003,R09,Zone A,1.5,Low,0,Normal,0,6,7,9,13,38,50,Morning,SAFE,9,1,10,4,3,ℹ️ ETA updated by 1 minutes.,0,0,Normal
C0212,V004,R05,Zone D,0.84,High,18,Normal,0,4,8,6,32,51,50,Afternoon,OVERLOADED,6,4,28,26,4,🚨 Major delay: Your waste collection ETA has increased by 22 minutes.,1,0,Heavy Traffic
C0213,V003,R07,Zone E,5.33,Medium,7,Normal,0,4,3,15,22,46,50,Morning,SAFE,15,-1,21,7,1,⚠️ Delay update: Your waste collection ETA has increased by 6 minutes.,0,0,Normal
C0214,V002,R10,Zone A,4.18,Low,2,Normal,0,7,15,16,27,20,50,Afternoon,SAFE,16,8,26,11,1,⚠️ Delay update: Your waste collection ETA has increased by 10 minutes.,1,0,Long Collection Time
C0215,V003,R01,Zone E,4.89,Medium,7,Changed,6,7,10,17,40,52,50,Evening,OVERLOADED,17,3,33,23,7,🚨 Major delay: Your waste collection ETA has increased by 16 minutes.,1,0,Other Operational Delay
C0216,V003,R10,Zone E,9.92,Low,1,Normal,0,3,9,23,30,59,50,Evening,OVERLOADED,23,6,30,7,0,⚠️ Delay update: Your waste collection ETA has increased by 7 minutes.,0,0,Long Collection Time
C0217,V004,R05,Zone C,9.72,High,28,Normal,0,4,7,24,56,51,50,Morning,OVERLOADED,24,3,55,32,1,🚨 Major delay: Your waste collection ETA has increased by 31 minutes.,1,0,Heavy Traffic
C0218,V004,R10,Zone D,9.45,High,12,Normal,0,4,11,23,47,24,50,Morning,SAFE,23,7,42,24,5,🚨 Major delay: Your waste collection ETA has increased by 19 minutes.,1,0,Long Collection Time
C0219,V001,R02,Zone D,7.95,Low,1,Normal,0,4,8,20,26,36,50,Evening,SAFE,20,4,25,6,1,⚠️ Delay update: Your waste collection ETA has increased by 5 minutes.,0,0,Normal
C0220,V001,R06,Zone C,3.87,High,17,Normal,0,7,13,15,42,27,50,Morning,SAFE,15,6,38,27,4,🚨 Major delay: Your waste collection ETA has increased by 23 minutes.,1,0,Heavy Traffic
C0221,V002,R01,Zone D,4.42,Medium,6,Normal,0,8,16,17,34,53,50,Evening,OVERLOADED,17,8,31,17,3,⚠️ Delay update: Your waste collection ETA has increased by 14 minutes.,1,0,Long Collection Time
C0222,V001,R03,Zone C,5.72,Low,3,Changed,7,8,14,20,43,28,50,Evening,SAFE,20,6,36,23,7,🚨 Major delay: Your waste collection ETA has increased by 16 minutes.,1,0,Long Collection Time
C0223,V003,R05,Zone A,8.39,Low,0,Normal,0,6,7,23,27,42,50,Afternoon,SAFE,23,1,24,4,3,ℹ️ ETA updated by 1 minutes.,0,0,Normal
C0224,V004,R04,Zone E,1.15,Medium,5,Changed,7,8,13,11,34,54,50,Morning,OVERLOADED,11,5,28,23,6,🚨 Major delay: Your waste collection ETA has increased by 17 minutes.,1,0,Long Collection Time
C0225,V001,R03,Zone E,4.53,Medium,5,Normal,0,5,10,15,31,26,50,Evening,SAFE,15,5,25,16,6,⚠️ Delay update: Your waste collection ETA has increased by 10 minutes.,1,0,Long Collection Time
C0226,V001,R10,Zone D,1.28,High,25,Normal,0,7,15,10,49,34,50,Morning,SAFE,10,8,43,39,6,🚨 Major delay: Your waste collection ETA has increased by 33 minutes.,1,0,Heavy Traffic
C0227,V002,R05,Zone B,5.39,Medium,4,Changed,8,4,8,15,35,39,50,Afternoon,SAFE,15,4,31,20,4,🚨 Major delay: Your waste collection ETA has increased by 16 minutes.,1,0,Route Change / Blockage
C0228,V002,R08,Zone E,9.04,High,21,Normal,0,8,13,27,58,44,50,Afternoon,SAFE,27,5,53,31,5,🚨 Major delay: Your waste collection ETA has increased by 26 minutes.,1,0,Heavy Traffic
C0229,V003,R04,Zone C,7.93,Medium,5,Normal,0,7,7,23,29,22,50,Morning,SAFE,23,0,28,6,1,⚠️ Delay update: Your waste collection ETA has increased by 5 minutes.,0,0,Normal
C0230,V004,R01,Zone B,2.66,High,13,Normal,0,8,15,14,38,43,50,Morning,SAFE,14,7,34,24,4,🚨 Major delay: Your waste collection ETA has increased by 20 minutes.,1,0,Long Collection Time
C0231,V002,R07,Zone B,9.77,Medium,9,Changed,6,3,11,23,46,53,50,Evening,OVERLOADED,23,8,46,23,0,🚨 Major delay: Your waste collection ETA has increased by 23 minutes.,1,0,Long Collection Time
C0232,V001,R08,Zone E,6.84,Low,3,Normal,0,4,12,18,36,41,50,Afternoon,SAFE,18,8,29,18,7,⚠️ Delay update: Your waste collection ETA has increased by 11 minutes.,1,0,Long Collection Time
C0233,V004,R03,Zone E,0.6,Medium,6,Normal,0,3,2,5,13,30,50,Afternoon,SAFE,5,-1,10,8,3,⚠️ Delay update: Your waste collection ETA has increased by 5 minutes.,0,0,Normal
C0234,V004,R06,Zone E,2.93,High,18,Normal,0,4,3,10,33,27,50,Afternoon,SAFE,10,-1,27,23,6,🚨 Major delay: Your waste collection ETA has increased by 17 minutes.,1,0,Heavy Traffic
C0235,V001,R02,Zone C,2.98,Low,2,Changed,5,7,8,13,23,58,50,Morning,OVERLOADED,13,1,21,10,2,⚠️ Delay update: Your waste collection ETA has increased by 8 minutes.,0,0,Normal
C0236,V002,R07,Zone B,1.16,High,25,Normal,0,6,7,9,35,54,50,Evening,OVERLOADED,9,1,35,26,0,🚨 Major delay: Your waste collection ETA has increased by 26 minutes.,1,0,Heavy Traffic
C0237,V001,R08,Zone D,9.62,Low,3,Normal,0,8,7,28,36,57,50,Morning,OVERLOADED,28,-1,30,8,6,ℹ️ ETA updated by 2 minutes.,0,0,Normal
C0238,V004,R06,Zone C,5.04,Medium,7,Normal,0,8,13,19,36,27,50,Morning,SAFE,19,5,31,17,5,⚠️ Delay update: Your waste collection ETA has increased by 12 minutes.,1,0,Long Collection Time
C0239,V005,R06,Zone A,9.01,High,23,Normal,0,5,7,24,49,56,50,Morning,OVERLOADED,24,2,49,25,0,🚨 Major delay: Your waste collection ETA has increased by 25 minutes.,1,0,Heavy Traffic
C0240,V005,R05,Zone E,3.56,Low,0,Normal,0,3,11,11,23,46,50,Evening,SAFE,11,8,19,12,4,⚠️ Delay update: Your waste collection ETA has increased by 8 minutes.,1,0,Long Collection Time
C0241,V003,R08,Zone B,1.69,Low,0,Normal,0,8,8,12,13,47,50,Morning,SAFE,12,0,12,1,1,✅ Your waste collection is on schedule.,0,0,Normal
C0242,V001,R01,Zone C,5.01,Medium,10,Normal,0,7,15,18,39,59,50,Afternoon,OVERLOADED,18,8,36,21,3,🚨 Major delay: Your waste collection ETA has increased by 18 minutes.,1,0,Long Collection Time
C0243,V001,R10,Zone A,1.58,High,11,Normal,0,6,9,10,31,53,50,Afternoon,OVERLOADED,10,3,24,21,7,⚠️ Delay update: Your waste collection ETA has increased by 14 minutes.,1,0,Other Operational Delay
C0244,V003,R04,Zone C,5.12,Low,2,Changed,3,7,11,18,32,51,50,Afternoon,OVERLOADED,18,4,27,14,5,⚠️ Delay update: Your waste collection ETA has increased by 9 minutes.,1,0,Other Operational Delay
C0245,V003,R04,Zone C,9.24,High,19,Normal,0,3,10,22,53,34,50,Evening,SAFE,22,7,48,31,5,🚨 Major delay: Your waste collection ETA has increased by 26 minutes.,1,0,Heavy Traffic
C0246,V003,R03,Zone D,5.45,Low,0,Changed,5,5,7,16,25,36,50,Morning,SAFE,16,2,23,9,2,⚠️ Delay update: Your waste collection ETA has increased by 7 minutes.,0,0,Normal
C0247,V004,R03,Zone D,6.36,High,29,Normal,0,8,8,21,50,52,50,Evening,OVERLOADED,21,0,50,29,0,🚨 Major delay: Your waste collection ETA has increased by 29 minutes.,1,0,Heavy Traffic
C0248,V001,R04,Zone C,1.99,High,17,Changed,3,7,10,11,36,35,50,Morning,SAFE,11,3,34,25,2,🚨 Major delay: Your waste collection ETA has increased by 23 minutes.,1,0,Heavy Traffic
C0249,V004,R01,Zone A,0.92,Medium,5,Normal,0,4,5,6,13,48,50,Afternoon,SAFE,6,1,12,7,1,⚠️ Delay update: Your waste collection ETA has increased by 6 minutes.,0,0,Normal
C0250,V003,R02,Zone B,1.55,Medium,6,Normal,0,6,6,10,22,28,50,Morning,SAFE,10,0,16,12,6,⚠️ Delay update: Your waste collection ETA has increased by 6 minutes.,1,0,Other Operational Delay
C0251,V001,R09,Zone B,6.19,Medium,6,Changed,7,7,6,20,33,52,50,Morning,OVERLOADED,20,-1,32,13,1,⚠️ Delay update: Your waste collection ETA has increased by 12 minutes.,1,0,Other Operational Delay
C0252,V004,R10,Zone E,1.4,Medium,8,Changed,6,6,14,9,37,48,50,Morning,SAFE,9,8,31,28,6,🚨 Major delay: Your waste collection ETA has increased by 22 minutes.,1,0,Long Collection Time
C0253,V004,R02,Zone E,4.07,Low,2,Normal,0,8,8,17,21,32,50,Evening,SAFE,17,0,19,4,2,ℹ️ ETA updated by 2 minutes.,0,0,Normal
C0254,V003,R05,Zone B,5.73,Low,1,Normal,0,4,8,16,24,40,50,Morning,SAFE,16,4,21,8,3,⚠️ Delay update: Your waste collection ETA has increased by 5 minutes.,0,0,Normal
C0255,V001,R09,Zone C,4.19,Low,2,Normal,0,5,11,14,23,40,50,Morning,SAFE,14,6,22,9,1,⚠️ Delay update: Your waste collection ETA has increased by 8 minutes.,0,0,Long Collection Time
C0256,V003,R09,Zone C,2.05,Medium,4,Normal,0,5,6,10,17,24,50,Morning,SAFE,10,1,15,7,2,⚠️ Delay update: Your waste collection ETA has increased by 5 minutes.,0,0,Normal
C0257,V001,R08,Zone D,3.1,Low,2,Normal,0,4,11,11,20,29,50,Evening,SAFE,11,7,20,9,0,⚠️ Delay update: Your waste collection ETA has increased by 9 minutes.,0,0,Long Collection Time
C0258,V005,R01,Zone D,9.32,Medium,6,Normal,0,6,13,25,40,25,50,Evening,SAFE,25,7,38,15,2,⚠️ Delay update: Your waste collection ETA has increased by 13 minutes.,1,0,Long Collection Time
C0259,V002,R01,Zone E,6.92,High,21,Changed,8,8,8,22,53,32,50,Evening,SAFE,22,0,51,31,2,🚨 Major delay: Your waste collection ETA has increased by 29 minutes.,1,0,Heavy Traffic
C0260,V002,R09,Zone B,5.21,Low,0,Normal,0,7,13,18,28,20,50,Morning,SAFE,18,6,24,10,4,⚠️ Delay update: Your waste collection ETA has increased by 6 minutes.,0,0,Long Collection Time
C0261,V002,R08,Zone C,0.62,Medium,8,Normal,0,4,12,6,23,39,50,Afternoon,SAFE,6,8,22,17,1,🚨 Major delay: Your waste collection ETA has increased by 16 minutes.,1,0,Long Collection Time
C0262,V003,R10,Zone B,9.93,Medium,7,Normal,0,3,6,23,40,27,50,Afternoon,SAFE,23,3,33,17,7,⚠️ Delay update: Your waste collection ETA has increased by 10 minutes.,1,0,Other Operational Delay
C0263,V005,R09,Zone A,6.88,High,24,Normal,0,6,8,20,49,29,50,Afternoon,SAFE,20,2,46,29,3,🚨 Major delay: Your waste collection ETA has increased by 26 minutes.,1,0,Heavy Traffic
C0264,V001,R07,Zone B,3.51,High,11,Normal,0,5,13,13,35,28,50,Morning,SAFE,13,8,32,22,3,🚨 Major delay: Your waste collection ETA has increased by 19 minutes.,1,0,Long Collection Time
C0265,V004,R03,Zone A,8.85,High,27,Normal,0,4,7,22,56,60,50,Afternoon,OVERLOADED,22,3,52,34,4,🚨 Major delay: Your waste collection ETA has increased by 30 minutes.,1,0,Heavy Traffic
C0266,V001,R03,Zone D,2.96,High,29,Normal,0,5,7,11,48,22,50,Afternoon,SAFE,11,2,42,37,6,🚨 Major delay: Your waste collection ETA has increased by 31 minutes.,1,0,Heavy Traffic
C0267,V004,R02,Zone D,5.67,Low,3,Changed,7,6,12,18,39,30,50,Afternoon,SAFE,18,6,34,21,5,🚨 Major delay: Your waste collection ETA has increased by 16 minutes.,1,0,Long Collection Time
C0268,V001,R05,Zone E,6.54,High,13,Normal,0,5,7,19,40,31,50,Morning,SAFE,19,2,34,21,6,🚨 Major delay: Your waste collection ETA has increased by 15 minutes.,1,0,Other Operational Delay
C0269,V005,R03,Zone B,2.6,Medium,10,Normal,0,4,12,10,31,29,50,Afternoon,SAFE,10,8,28,21,3,🚨 Major delay: Your waste collection ETA has increased by 18 minutes.,1,0,Long Collection Time
C0270,V004,R06,Zone B,9.79,Low,3,Normal,0,6,10,26,35,44,50,Afternoon,SAFE,26,4,33,9,2,⚠️ Delay update: Your waste collection ETA has increased by 7 minutes.,0,0,Normal
C0271,V003,R02,Zone A,7.61,High,25,Changed,8,3,3,19,56,44,50,Morning,SAFE,19,0,52,37,4,🚨 Major delay: Your waste collection ETA has increased by 33 minutes.,1,0,Heavy Traffic
C0272,V001,R03,Zone D,5.8,Low,0,Normal,0,4,7,16,19,30,50,Evening,SAFE,16,3,19,3,0,ℹ️ ETA updated by 3 minutes.,0,0,Normal
C0273,V001,R05,Zone A,2.22,Medium,9,Normal,0,7,11,12,26,55,50,Afternoon,OVERLOADED,12,4,25,14,1,⚠️ Delay update: Your waste collection ETA has increased by 13 minutes.,1,0,Other Operational Delay
C0274,V004,R01,Zone D,1.01,Low,0,Normal,0,8,11,11,15,58,50,Evening,OVERLOADED,11,3,14,4,1,ℹ️ ETA updated by 3 minutes.,0,0,Normal
C0275,V003,R01,Zone A,3.54,Medium,5,Changed,8,4,4,12,32,45,50,Afternoon,SAFE,12,0,25,20,7,⚠️ Delay update: Your waste collection ETA has increased by 13 minutes.,1,0,Route Change / Blockage
C0276,V003,R10,Zone D,7.66,Medium,9,Normal,0,6,11,22,37,33,50,Morning,SAFE,22,5,36,15,1,⚠️ Delay update: Your waste collection ETA has increased by 14 minutes.,1,0,Long Collection Time
C0277,V005,R09,Zone A,3.06,Medium,6,Normal,0,8,10,15,25,58,50,Evening,OVERLOADED,15,2,23,10,2,⚠️ Delay update: Your waste collection ETA has increased by 8 minutes.,0,0,Normal
C0278,V003,R07,Zone D,5.63,Medium,5,Changed,4,4,10,16,31,59,50,Evening,OVERLOADED,16,6,31,15,0,🚨 Major delay: Your waste collection ETA has increased by 15 minutes.,1,0,Long Collection Time
C0279,V003,R01,Zone A,7.42,Low,0,Normal,0,3,8,18,27,20,50,Evening,SAFE,18,5,23,9,4,⚠️ Delay update: Your waste collection ETA has increased by 5 minutes.,0,0,Long Collection Time
C0280,V003,R08,Zone B,1.53,High,29,Normal,0,3,8,7,45,23,50,Evening,SAFE,7,5,41,38,4,🚨 Major delay: Your waste collection ETA has increased by 34 minutes.,1,0,Heavy Traffic
C0281,V002,R03,Zone E,7.01,Low,0,Normal,0,7,14,22,30,49,50,Afternoon,SAFE,22,7,29,8,1,⚠️ Delay update: Your waste collection ETA has increased by 7 minutes.,0,0,Long Collection Time
C0282,V005,R08,Zone A,1.37,Medium,7,Normal,0,5,4,8,14,31,50,Afternoon,SAFE,8,-1,14,6,0,⚠️ Delay update: Your waste collection ETA has increased by 6 minutes.,0,0,Normal
C0283,V001,R05,Zone E,9.67,High,30,Normal,0,8,16,28,66,54,50,Evening,OVERLOADED,28,8,66,38,0,🚨 Major delay: Your waste collection ETA has increased by 38 minutes.,1,0,Heavy Traffic
C0284,V004,R01,Zone B,5.14,High,10,Normal,0,6,10,17,31,32,50,Afternoon,SAFE,17,4,31,14,0,⚠️ Delay update: Your waste collection ETA has increased by 14 minutes.,1,0,Other Operational Delay
C0285,V001,R07,Zone B,1.93,Medium,7,Normal,0,6,10,10,24,50,50,Evening,SAFE,10,4,21,14,3,⚠️ Delay update: Your waste collection ETA has increased by 11 minutes.,1,0,Other Operational Delay
C0286,V005,R05,Zone D,3.75,Medium,9,Normal,0,5,9,13,29,57,50,Evening,OVERLOADED,13,4,26,16,3,⚠️ Delay update: Your waste collection ETA has increased by 13 minutes.,1,0,Other Operational Delay
C0287,V004,R06,Zone E,4.43,High,24,Changed,3,3,7,12,44,42,50,Morning,SAFE,12,4,43,32,1,🚨 Major delay: Your waste collection ETA has increased by 31 minutes.,1,0,Heavy Traffic
C0288,V005,R06,Zone C,7.7,High,23,Normal,0,3,11,19,50,23,50,Evening,SAFE,19,8,50,31,0,🚨 Major delay: Your waste collection ETA has increased by 31 minutes.,1,0,Heavy Traffic
C0289,V003,R08,Zone D,7.56,Medium,7,Normal,0,4,9,20,37,35,50,Afternoon,SAFE,20,5,32,17,5,⚠️ Delay update: Your waste collection ETA has increased by 12 minutes.,1,0,Long Collection Time
C0290,V004,R09,Zone E,6.31,Low,2,Normal,0,7,15,20,30,26,50,Evening,SAFE,20,8,30,10,0,⚠️ Delay update: Your waste collection ETA has increased by 10 minutes.,0,0,Long Collection Time
C0291,V003,R02,Zone A,1.51,Low,1,Normal,0,8,12,12,21,41,50,Morning,SAFE,12,4,17,9,4,⚠️ Delay update: Your waste collection ETA has increased by 5 minutes.,0,0,Normal
C0292,V001,R09,Zone A,1.94,Low,0,Normal,0,7,6,11,14,48,50,Afternoon,SAFE,11,-1,10,3,4,✅ Your waste collection is on schedule.,0,0,Normal
C0293,V001,R10,Zone B,1.39,Medium,8,Normal,0,7,8,10,20,30,50,Morning,SAFE,10,1,19,10,1,⚠️ Delay update: Your waste collection ETA has increased by 9 minutes.,0,0,Normal
C0294,V004,R09,Zone C,5.98,Low,3,Changed,4,4,4,16,28,52,50,Morning,OVERLOADED,16,0,23,12,5,⚠️ Delay update: Your waste collection ETA has increased by 7 minutes.,1,0,Other Operational Delay
C0295,V004,R10,Zone A,8.83,Medium,4,Normal,0,7,11,25,33,48,50,Evening,SAFE,25,4,33,8,0,⚠️ Delay update: Your waste collection ETA has increased by 8 minutes.,0,0,Normal
C0296,V005,R10,Zone E,4.62,Low,1,Changed,8,5,11,15,36,58,50,Morning,OVERLOADED,15,6,30,21,6,🚨 Major delay: Your waste collection ETA has increased by 15 minutes.,1,0,Route Change / Blockage
C0297,V005,R07,Zone E,2.03,Low,0,Blocked,8,4,5,9,23,31,50,Morning,SAFE,9,1,18,14,5,⚠️ Delay update: Your waste collection ETA has increased by 9 minutes.,1,0,Route Change / Blockage
C0298,V003,R01,Zone A,5.8,High,15,Normal,0,5,13,17,47,26,50,Afternoon,SAFE,17,8,40,30,7,🚨 Major delay: Your waste collection ETA has increased by 23 minutes.,1,0,Heavy Traffic
C0299,V004,R07,Zone E,8.21,Medium,4,Normal,0,4,10,21,32,58,50,Morning,OVERLOADED,21,6,31,11,1,⚠️ Delay update: Your waste collection ETA has increased by 10 minutes.,1,0,Long Collection Time
C0300,V001,R10,Zone E,7.55,Low,2,Blocked,8,7,13,23,43,45,50,Evening,SAFE,23,6,39,20,4,🚨 Major delay: Your waste collection ETA has increased by 16 minutes.,1,0,Route Change / Blockage
C0301,V005,R05,Zone B,8.87,High,25,Blocked,11,5,8,23,68,59,50,Evening,OVERLOADED,23,3,62,45,6,🚨 Major delay: Your waste collection ETA has increased by 39 minutes.,1,0,Heavy Traffic
C0302,V005,R06,Zone C,3.14,Low,3,Normal,0,5,11,12,25,28,50,Evening,SAFE,12,6,21,13,4,⚠️ Delay update: Your waste collection ETA has increased by 9 minutes.,1,0,Long Collection Time
C0303,V001,R10,Zone B,2.34,Medium,10,Normal,0,5,9,10,27,60,50,Morning,OVERLOADED,10,4,24,17,3,⚠️ Delay update: Your waste collection ETA has increased by 14 minutes.,1,0,Other Operational Delay
C0304,V005,R07,Zone C,8.86,Medium,10,Normal,0,4,7,22,36,53,50,Afternoon,OVERLOADED,22,3,35,14,1,⚠️ Delay update: Your waste collection ETA has increased by 13 minutes.,1,0,Other Operational Delay
C0305,V003,R05,Zone E,6.75,Low,3,Blocked,13,6,13,20,44,32,50,Evening,SAFE,20,7,43,24,1,🚨 Major delay: Your waste collection ETA has increased by 23 minutes.,1,0,Route Change / Blockage
C0306,V004,R07,Zone C,3.45,High,27,Normal,0,7,12,14,46,55,50,Morning,OVERLOADED,14,5,46,32,0,🚨 Major delay: Your waste collection ETA has increased by 32 minutes.,1,0,Heavy Traffic
C0307,V001,R09,Zone E,7.55,Medium,8,Normal,0,5,11,21,35,44,50,Evening,SAFE,21,6,35,14,0,⚠️ Delay update: Your waste collection ETA has increased by 14 minutes.,1,0,Long Collection Time
C0308,V004,R03,Zone E,8.24,Medium,7,Changed,6,8,7,25,40,43,50,Evening,SAFE,25,-1,37,15,3,⚠️ Delay update: Your waste collection ETA has increased by 12 minutes.,1,0,Other Operational Delay
C0309,V005,R08,Zone B,6.34,Low,2,Normal,0,6,6,19,27,36,50,Afternoon,SAFE,19,0,21,8,6,ℹ️ ETA updated by 2 minutes.,0,0,Normal
C0310,V005,R02,Zone B,7.03,Low,1,Normal,0,8,14,23,37,21,50,Evening,SAFE,23,6,30,14,7,⚠️ Delay update: Your waste collection ETA has increased by 7 minutes.,1,0,Long Collection Time
C0311,V001,R07,Zone D,4.06,High,17,Normal,0,7,14,16,42,32,50,Afternoon,SAFE,16,7,40,26,2,🚨 Major delay: Your waste collection ETA has increased by 24 minutes.,1,0,Heavy Traffic
C0312,V003,R02,Zone A,5.62,Low,2,Changed,7,7,9,19,35,50,50,Morning,SAFE,19,2,30,16,5,⚠️ Delay update: Your waste collection ETA has increased by 11 minutes.,1,0,Other Operational Delay
C0313,V002,R04,Zone D,5.48,Medium,6,Normal,0,5,13,16,32,48,50,Evening,SAFE,16,8,30,16,2,⚠️ Delay update: Your waste collection ETA has increased by 14 minutes.,1,0,Long Collection Time
C0314,V001,R07,Zone D,8.56,Medium,5,Normal,0,5,13,23,38,47,50,Morning,SAFE,23,8,36,15,2,⚠️ Delay update: Your waste collection ETA has increased by 13 minutes.,1,0,Long Collection Time
C0315,V002,R03,Zone C,8.48,Medium,5,Normal,0,4,11,21,34,46,50,Morning,SAFE,21,7,33,13,1,⚠️ Delay update: Your waste collection ETA has increased by 12 minutes.,1,0,Long Collection Time
C0316,V002,R02,Zone E,8.41,Low,0,Normal,0,6,8,23,30,34,50,Morning,SAFE,23,2,25,7,5,ℹ️ ETA updated by 2 minutes.,0,0,Normal
C0317,V003,R10,Zone E,0.6,Low,3,Normal,0,6,14,8,20,50,50,Evening,SAFE,8,8,19,12,1,⚠️ Delay update: Your waste collection ETA has increased by 11 minutes.,1,0,Long Collection Time
C0318,V002,R07,Zone E,7.62,Medium,4,Normal,0,5,13,21,40,59,50,Afternoon,OVERLOADED,21,8,33,19,7,⚠️ Delay update: Your waste collection ETA has increased by 12 minutes.,1,0,Long Collection Time
C0319,V002,R01,Zone A,7.71,Low,3,Normal,0,7,15,23,39,34,50,Evening,SAFE,23,8,34,16,5,⚠️ Delay update: Your waste collection ETA has increased by 11 minutes.,1,0,Long Collection Time
C0320,V003,R08,Zone C,6.94,Low,2,Changed,7,5,12,19,39,52,50,Morning,OVERLOADED,19,7,35,20,4,🚨 Major delay: Your waste collection ETA has increased by 16 minutes.,1,0,Long Collection Time
C0321,V002,R03,Zone C,7.68,Low,2,Changed,5,7,12,23,36,39,50,Afternoon,SAFE,23,5,35,13,1,⚠️ Delay update: Your waste collection ETA has increased by 12 minutes.,1,0,Long Collection Time
C0322,V002,R02,Zone E,8.5,Medium,8,Normal,0,7,7,24,33,31,50,Morning,SAFE,24,0,32,9,1,⚠️ Delay update: Your waste collection ETA has increased by 8 minutes.,0,0,Normal
C0323,V002,R03,Zone D,4.97,High,14,Normal,0,5,12,15,37,56,50,Afternoon,OVERLOADED,15,7,36,22,1,🚨 Major delay: Your waste collection ETA has increased by 21 minutes.,1,0,Long Collection Time
C0324,V001,R05,Zone A,5.27,Low,1,Normal,0,3,5,14,23,28,50,Evening,SAFE,14,2,17,9,6,ℹ️ ETA updated by 3 minutes.,0,0,Normal
C0325,V001,R08,Zone D,1.68,Low,0,Changed,5,6,12,10,24,42,50,Afternoon,SAFE,10,6,21,14,3,⚠️ Delay update: Your waste collection ETA has increased by 11 minutes.,1,0,Long Collection Time
C0326,V001,R10,Zone B,4.16,Low,0,Normal,0,8,13,17,23,27,50,Evening,SAFE,17,5,22,6,1,⚠️ Delay update: Your waste collection ETA has increased by 5 minutes.,0,0,Long Collection Time
C0327,V003,R07,Zone C,6.61,Medium,10,Normal,0,7,12,21,43,51,50,Morning,OVERLOADED,21,5,36,22,7,🚨 Major delay: Your waste collection ETA has increased by 15 minutes.,1,0,Long Collection Time
C0328,V005,R07,Zone C,7.91,Medium,8,Normal,0,7,13,23,37,33,50,Afternoon,SAFE,23,6,37,14,0,⚠️ Delay update: Your waste collection ETA has increased by 14 minutes.,1,0,Long Collection Time
C0329,V002,R07,Zone D,2.56,Medium,6,Normal,0,3,2,9,14,46,50,Morning,SAFE,9,-1,14,5,0,⚠️ Delay update: Your waste collection ETA has increased by 5 minutes.,0,0,Normal
C0330,V002,R08,Zone A,1.81,Medium,8,Normal,0,8,11,12,28,44,50,Afternoon,SAFE,12,3,23,16,5,⚠️ Delay update: Your waste collection ETA has increased by 11 minutes.,1,0,Other Operational Delay
C0331,V003,R01,Zone C,6.8,Medium,9,Normal,0,4,4,18,31,32,50,Evening,SAFE,18,0,27,13,4,⚠️ Delay update: Your waste collection ETA has increased by 9 minutes.,1,0,Other Operational Delay
C0332,V002,R04,Zone D,0.52,High,14,Normal,0,3,3,5,22,40,50,Afternoon,SAFE,5,0,19,17,3,⚠️ Delay update: Your waste collection ETA has increased by 14 minutes.,1,0,Other Operational Delay
C0333,V001,R06,Zone A,2.19,High,18,Normal,0,8,7,13,36,50,50,Afternoon,SAFE,13,-1,30,23,6,🚨 Major delay: Your waste collection ETA has increased by 17 minutes.,1,0,Heavy Traffic
C0334,V005,R09,Zone D,0.78,Low,2,Normal,0,3,6,5,15,56,50,Evening,OVERLOADED,5,3,10,10,5,⚠️ Delay update: Your waste collection ETA has increased by 5 minutes.,0,0,Normal
C0335,V004,R02,Zone A,2.09,Low,3,Normal,0,7,7,12,15,24,50,Evening,SAFE,12,0,15,3,0,ℹ️ ETA updated by 3 minutes.,0,0,Normal
C0336,V002,R01,Zone E,2.22,Low,1,Normal,0,6,8,11,17,32,50,Evening,SAFE,11,2,14,6,3,ℹ️ ETA updated by 3 minutes.,0,0,Normal
C0337,V001,R10,Zone A,4.18,Low,0,Normal,0,3,4,12,16,47,50,Afternoon,SAFE,12,1,13,4,3,ℹ️ ETA updated by 1 minutes.,0,0,Normal
C0338,V004,R02,Zone B,4.32,High,17,Normal,0,4,5,13,35,44,50,Morning,SAFE,13,1,31,22,4,🚨 Major delay: Your waste collection ETA has increased by 18 minutes.,1,0,Heavy Traffic
C0339,V005,R07,Zone E,8.81,Medium,7,Normal,0,5,5,23,37,54,50,Afternoon,OVERLOADED,23,0,30,14,7,⚠️ Delay update: Your waste collection ETA has increased by 7 minutes.,1,0,Other Operational Delay
C0340,V004,R03,Zone D,5.35,Low,2,Normal,0,8,12,19,28,58,50,Afternoon,OVERLOADED,19,4,25,9,3,⚠️ Delay update: Your waste collection ETA has increased by 6 minutes.,0,0,Normal
C0341,V001,R10,Zone E,7.37,Medium,9,Normal,0,3,3,18,28,26,50,Morning,SAFE,18,0,27,10,1,⚠️ Delay update: Your waste collection ETA has increased by 9 minutes.,0,0,Normal
C0342,V004,R02,Zone E,1.49,Medium,6,Normal,0,3,9,6,21,57,50,Evening,OVERLOADED,6,6,18,15,3,⚠️ Delay update: Your waste collection ETA has increased by 12 minutes.,1,0,Long Collection Time
C0343,V003,R07,Zone D,2.64,Low,3,Normal,0,4,10,10,23,51,50,Afternoon,OVERLOADED,10,6,19,13,4,⚠️ Delay update: Your waste collection ETA has increased by 9 minutes.,1,0,Long Collection Time
C0344,V004,R02,Zone D,7.18,Low,3,Changed,3,6,9,21,35,22,50,Morning,SAFE,21,3,30,14,5,⚠️ Delay update: Your waste collection ETA has increased by 9 minutes.,1,0,Other Operational Delay
C0345,V002,R03,Zone B,1.0,Medium,7,Normal,0,3,11,5,24,58,50,Evening,OVERLOADED,5,8,20,19,4,🚨 Major delay: Your waste collection ETA has increased by 15 minutes.,1,0,Long Collection Time
C0346,V002,R07,Zone D,5.12,Medium,10,Normal,0,3,8,14,35,56,50,Evening,OVERLOADED,14,5,29,21,6,🚨 Major delay: Your waste collection ETA has increased by 15 minutes.,1,0,Long Collection Time
C0347,V003,R04,Zone C,6.19,Low,1,Normal,0,6,8,19,26,41,50,Afternoon,SAFE,19,2,22,7,4,ℹ️ ETA updated by 3 minutes.,0,0,Normal
C0348,V001,R01,Zone C,6.22,Low,0,Normal,0,4,3,17,16,27,50,Evening,SAFE,17,-1,16,1,0,✅ Your waste collection is on schedule.,0,0,Normal
C0349,V002,R05,Zone B,0.72,Medium,6,Normal,0,8,8,10,17,36,50,Evening,SAFE,10,0,16,7,1,⚠️ Delay update: Your waste collection ETA has increased by 6 minutes.,0,0,Normal
C0350,V005,R09,Zone A,3.56,Low,3,Normal,0,8,16,16,34,46,50,Morning,SAFE,16,8,27,18,7,⚠️ Delay update: Your waste collection ETA has increased by 11 minutes.,1,0,Long Collection Time
C0351,V002,R08,Zone A,6.55,Medium,10,Normal,0,3,11,17,35,52,50,Morning,OVERLOADED,17,8,35,18,0,🚨 Major delay: Your waste collection ETA has increased by 18 minutes.,1,0,Long Collection Time
C0352,V002,R09,Zone C,1.92,Medium,8,Normal,0,6,8,10,25,36,50,Evening,SAFE,10,2,20,15,5,⚠️ Delay update: Your waste collection ETA has increased by 10 minutes.,1,0,Other Operational Delay
C0353,V001,R10,Zone D,7.11,Low,0,Normal,0,3,2,18,19,31,50,Morning,SAFE,18,-1,17,1,2,✅ Your waste collection is on schedule.,0,0,Normal
C0354,V004,R09,Zone B,7.59,High,18,Changed,3,5,11,21,53,46,50,Evening,SAFE,21,6,48,32,5,🚨 Major delay: Your waste collection ETA has increased by 27 minutes.,1,0,Heavy Traffic
C0355,V002,R07,Zone A,9.83,Medium,10,Changed,4,8,15,28,50,27,50,Afternoon,SAFE,28,7,49,22,1,🚨 Major delay: Your waste collection ETA has increased by 21 minutes.,1,0,Long Collection Time
C0356,V003,R04,Zone A,2.49,Low,2,Normal,0,7,9,12,19,42,50,Morning,SAFE,12,2,16,7,3,ℹ️ ETA updated by 4 minutes.,0,0,Normal
C0357,V004,R05,Zone E,8.34,Medium,5,Normal,0,5,13,22,39,48,50,Evening,SAFE,22,8,35,17,4,⚠️ Delay update: Your waste collection ETA has increased by 13 minutes.,1,0,Long Collection Time
C0358,V005,R01,Zone C,5.44,Medium,8,Normal,0,3,4,14,25,39,50,Evening,SAFE,14,1,23,11,2,⚠️ Delay update: Your waste collection ETA has increased by 9 minutes.,1,0,Other Operational Delay
C0359,V001,R01,Zone D,4.05,Medium,10,Normal,0,4,4,13,24,35,50,Morning,SAFE,13,0,23,11,1,⚠️ Delay update: Your waste collection ETA has increased by 10 minutes.,1,0,Other Operational Delay
C0360,V005,R03,Zone B,1.66,Low,1,Normal,0,8,11,12,16,36,50,Morning,SAFE,12,3,16,4,0,ℹ️ ETA updated by 4 minutes.,0,0,Normal
C0361,V004,R08,Zone A,7.49,High,29,Normal,0,7,8,22,56,35,50,Afternoon,SAFE,22,1,52,34,4,🚨 Major delay: Your waste collection ETA has increased by 30 minutes.,1,0,Heavy Traffic
C0362,V004,R02,Zone E,2.74,Medium,4,Normal,0,5,13,11,28,38,50,Evening,SAFE,11,8,23,17,5,⚠️ Delay update: Your waste collection ETA has increased by 12 minutes.,1,0,Long Collection Time
C0363,V004,R04,Zone C,4.03,Low,3,Normal,0,8,13,17,25,27,50,Afternoon,SAFE,17,5,25,8,0,⚠️ Delay update: Your waste collection ETA has increased by 8 minutes.,0,0,Long Collection Time
C0364,V005,R02,Zone C,1.09,Low,0,Normal,0,6,10,9,14,57,50,Afternoon,OVERLOADED,9,4,13,5,1,ℹ️ ETA updated by 4 minutes.,0,0,Normal
C0365,V004,R05,Zone B,8.11,Low,2,Normal,0,4,3,21,23,57,50,Afternoon,OVERLOADED,21,-1,22,2,1,ℹ️ ETA updated by 1 minutes.,0,0,Normal
C0366,V005,R09,Zone A,7.78,High,17,Changed,7,5,11,21,56,48,50,Morning,SAFE,21,6,51,35,5,🚨 Major delay: Your waste collection ETA has increased by 30 minutes.,1,0,Heavy Traffic
C0367,V004,R01,Zone B,7.47,Low,0,Normal,0,6,6,21,23,60,50,Afternoon,OVERLOADED,21,0,21,2,2,✅ Your waste collection is on schedule.,0,0,Normal
C0368,V003,R05,Zone B,3.34,Low,2,Normal,0,3,6,10,20,55,50,Morning,OVERLOADED,10,3,15,10,5,⚠️ Delay update: Your waste collection ETA has increased by 5 minutes.,0,0,Normal
C0369,V004,R09,Zone E,2.15,High,10,Normal,0,6,13,11,31,45,50,Morning,SAFE,11,7,28,20,3,🚨 Major delay: Your waste collection ETA has increased by 17 minutes.,1,0,Long Collection Time
C0370,V005,R01,Zone C,6.56,Low,0,Normal,0,5,11,19,25,50,50,Afternoon,SAFE,19,6,25,6,0,⚠️ Delay update: Your waste collection ETA has increased by 6 minutes.,0,0,Long Collection Time
C0371,V002,R09,Zone D,5.21,Low,0,Normal,0,5,5,16,18,31,50,Afternoon,SAFE,16,0,16,2,2,✅ Your waste collection is on schedule.,0,0,Normal
C0372,V004,R08,Zone C,2.19,Low,2,Normal,0,3,10,8,21,36,50,Evening,SAFE,8,7,17,13,4,⚠️ Delay update: Your waste collection ETA has increased by 9 minutes.,1,0,Long Collection Time
C0373,V002,R04,Zone C,7.02,Low,1,Normal,0,6,9,21,31,34,50,Afternoon,SAFE,21,3,25,10,6,ℹ️ ETA updated by 4 minutes.,0,0,Normal
C0374,V003,R10,Zone E,9.92,Low,1,Normal,0,6,14,26,38,28,50,Evening,SAFE,26,8,35,12,3,⚠️ Delay update: Your waste collection ETA has increased by 9 minutes.,1,0,Long Collection Time
C0375,V001,R05,Zone D,7.6,Medium,5,Normal,0,3,7,19,30,58,50,Afternoon,OVERLOADED,19,4,28,11,2,⚠️ Delay update: Your waste collection ETA has increased by 9 minutes.,1,0,Other Operational Delay
C0376,V003,R05,Zone A,7.53,Low,0,Normal,0,6,7,22,29,31,50,Afternoon,SAFE,22,1,23,7,6,ℹ️ ETA updated by 1 minutes.,0,0,Normal
C0377,V004,R06,Zone D,9.53,Low,2,Normal,0,8,9,28,37,51,50,Afternoon,OVERLOADED,28,1,31,9,6,ℹ️ ETA updated by 3 minutes.,0,0,Normal
C0378,V002,R07,Zone A,2.43,Medium,4,Normal,0,3,11,8,20,44,50,Afternoon,SAFE,8,8,20,12,0,⚠️ Delay update: Your waste collection ETA has increased by 12 minutes.,1,0,Long Collection Time
C0379,V002,R08,Zone D,5.87,Medium,9,Normal,0,4,10,16,32,58,50,Evening,OVERLOADED,16,6,31,16,1,🚨 Major delay: Your waste collection ETA has increased by 15 minutes.,1,0,Long Collection Time
C0380,V005,R08,Zone B,9.81,Medium,9,Normal,0,5,13,25,46,37,50,Evening,SAFE,25,8,42,21,4,🚨 Major delay: Your waste collection ETA has increased by 17 minutes.,1,0,Long Collection Time
C0381,V002,R02,Zone D,2.07,Medium,6,Blocked,14,4,12,9,42,34,50,Afternoon,SAFE,9,8,37,33,5,🚨 Major delay: Your waste collection ETA has increased by 28 minutes.,1,0,Route Change / Blockage
C0382,V005,R09,Zone E,7.15,Low,0,Normal,0,8,8,23,23,51,50,Afternoon,OVERLOADED,23,0,23,0,0,✅ Your waste collection is on schedule.,0,0,Normal
C0383,V001,R07,Zone A,6.07,Medium,9,Normal,0,8,8,21,33,25,50,Evening,SAFE,21,0,30,12,3,⚠️ Delay update: Your waste collection ETA has increased by 9 minutes.,1,0,Other Operational Delay
C0384,V004,R04,Zone C,6.07,Medium,10,Normal,0,7,10,20,40,54,50,Morning,OVERLOADED,20,3,33,20,7,⚠️ Delay update: Your waste collection ETA has increased by 13 minutes.,1,0,Other Operational Delay
C0385,V005,R04,Zone E,7.13,Low,0,Changed,8,7,11,22,40,53,50,Morning,OVERLOADED,22,4,34,18,6,⚠️ Delay update: Your waste collection ETA has increased by 12 minutes.,1,0,Route Change / Blockage
C0386,V001,R08,Zone A,9.33,High,26,Changed,4,7,7,26,59,57,50,Morning,OVERLOADED,26,0,56,33,3,🚨 Major delay: Your waste collection ETA has increased by 30 minutes.,1,0,Heavy Traffic
C0387,V002,R04,Zone A,7.93,Low,1,Normal,0,3,6,19,29,24,50,Evening,SAFE,19,3,23,10,6,ℹ️ ETA updated by 4 minutes.,0,0,Normal
C0388,V002,R06,Zone C,1.03,Medium,5,Normal,0,6,11,9,20,37,50,Evening,SAFE,9,5,19,11,1,⚠️ Delay update: Your waste collection ETA has increased by 10 minutes.,1,0,Long Collection Time
C0389,V001,R05,Zone B,8.6,Low,0,Normal,0,8,16,26,41,35,50,Morning,SAFE,26,8,34,15,7,⚠️ Delay update: Your waste collection ETA has increased by 8 minutes.,1,0,Long Collection Time
C0390,V002,R03,Zone E,2.64,Medium,4,Normal,0,4,12,10,23,27,50,Morning,SAFE,10,8,22,13,1,⚠️ Delay update: Your waste collection ETA has increased by 12 minutes.,1,0,Long Collection Time
C0391,V001,R10,Zone C,4.08,Medium,9,Normal,0,4,10,13,32,44,50,Afternoon,SAFE,13,6,28,19,4,🚨 Major delay: Your waste collection ETA has increased by 15 minutes.,1,0,Long Collection Time
C0392,V005,R02,Zone C,4.89,High,26,Normal,0,4,9,14,50,51,50,Evening,OVERLOADED,14,5,45,36,5,🚨 Major delay: Your waste collection ETA has increased by 31 minutes.,1,0,Heavy Traffic
C0393,V005,R09,Zone B,5.07,Low,3,Normal,0,4,10,15,28,45,50,Evening,SAFE,15,6,24,13,4,⚠️ Delay update: Your waste collection ETA has increased by 9 minutes.,1,0,Long Collection Time
C0394,V001,R10,Zone E,4.63,Medium,9,Normal,0,7,14,17,34,41,50,Morning,SAFE,17,7,33,17,1,🚨 Major delay: Your waste collection ETA has increased by 16 minutes.,1,0,Long Collection Time
C0395,V005,R09,Zone C,9.4,Medium,8,Changed,8,4,7,23,43,50,50,Morning,SAFE,23,3,42,20,1,🚨 Major delay: Your waste collection ETA has increased by 19 minutes.,1,0,Route Change / Blockage
C0396,V005,R01,Zone B,7.21,Medium,9,Normal,0,6,9,21,36,29,50,Evening,SAFE,21,3,33,15,3,⚠️ Delay update: Your waste collection ETA has increased by 12 minutes.,1,0,Other Operational Delay
C0397,V005,R10,Zone E,6.5,Medium,6,Normal,0,7,15,20,35,31,50,Afternoon,SAFE,20,8,34,15,1,⚠️ Delay update: Your waste collection ETA has increased by 14 minutes.,1,0,Long Collection Time
C0398,V003,R03,Zone D,0.97,Medium,9,Normal,0,4,6,6,24,47,50,Morning,SAFE,6,2,17,18,7,⚠️ Delay update: Your waste collection ETA has increased by 11 minutes.,1,0,Other Operational Delay
C0399,V004,R08,Zone A,9.09,Medium,9,Changed,7,3,10,22,52,25,50,Evening,SAFE,22,7,45,30,7,🚨 Major delay: Your waste collection ETA has increased by 23 minutes.,1,0,Long Collection Time
C0400,V002,R06,Zone B,9.14,Low,2,Changed,7,5,8,24,38,39,50,Evening,SAFE,24,3,36,14,2,⚠️ Delay update: Your waste collection ETA has increased by 12 minutes.,1,0,Other Operational Delay
C0401,V003,R05,Zone A,7.91,Medium,8,Normal,0,5,5,21,35,24,50,Afternoon,SAFE,21,0,29,14,6,⚠️ Delay update: Your waste collection ETA has increased by 8 minutes.,1,0,Other Operational Delay
C0402,V005,R05,Zone D,0.57,Low,2,Normal,0,5,13,7,17,42,50,Afternoon,SAFE,7,8,17,10,0,⚠️ Delay update: Your waste collection ETA has increased by 10 minutes.,0,0,Long Collection Time
C0403,V001,R06,Zone C,1.04,High,22,Changed,8,7,13,10,47,28,50,Morning,SAFE,10,6,46,37,1,🚨 Major delay: Your waste collection ETA has increased by 36 minutes.,1,0,Heavy Traffic
C0404,V005,R07,Zone C,2.64,Medium,4,Normal,0,4,9,10,23,48,50,Morning,SAFE,10,5,19,13,4,⚠️ Delay update: Your waste collection ETA has increased by 9 minutes.,1,0,Long Collection Time
C0405,V004,R01,Zone E,1.75,High,30,Normal,0,8,14,12,53,35,50,Morning,SAFE,12,6,48,41,5,🚨 Major delay: Your waste collection ETA has increased by 36 minutes.,1,0,Heavy Traffic
C0406,V005,R09,Zone B,4.29,Low,3,Normal,0,8,9,17,27,41,50,Evening,SAFE,17,1,21,10,6,ℹ️ ETA updated by 4 minutes.,0,0,Normal
C0407,V001,R03,Zone B,9.26,High,12,Normal,0,8,10,27,47,27,50,Morning,SAFE,27,2,41,20,6,⚠️ Delay update: Your waste collection ETA has increased by 14 minutes.,1,0,Other Operational Delay
C0408,V004,R04,Zone E,4.98,High,15,Normal,0,7,10,17,40,39,50,Evening,SAFE,17,3,35,23,5,🚨 Major delay: Your waste collection ETA has increased by 18 minutes.,1,0,Heavy Traffic
C0409,V005,R10,Zone A,0.63,Medium,8,Changed,7,6,10,8,32,33,50,Morning,SAFE,8,4,27,24,5,🚨 Major delay: Your waste collection ETA has increased by 19 minutes.,1,0,Other Operational Delay
C0410,V004,R01,Zone C,3.19,Medium,9,Normal,0,3,2,10,24,58,50,Afternoon,OVERLOADED,10,-1,18,14,6,⚠️ Delay update: Your waste collection ETA has increased by 8 minutes.,1,0,Other Operational Delay
C0411,V002,R10,Zone C,0.92,Low,1,Normal,0,3,5,5,10,56,50,Afternoon,OVERLOADED,5,2,8,5,2,ℹ️ ETA updated by 3 minutes.,0,0,Normal
C0412,V002,R03,Zone B,0.84,High,26,Normal,0,5,13,7,45,53,50,Evening,OVERLOADED,7,8,41,38,4,🚨 Major delay: Your waste collection ETA has increased by 34 minutes.,1,0,Heavy Traffic
C0413,V005,R02,Zone B,3.12,Medium,10,Normal,0,5,8,12,27,30,50,Afternoon,SAFE,12,3,25,15,2,⚠️ Delay update: Your waste collection ETA has increased by 13 minutes.,1,0,Other Operational Delay
C0414,V004,R02,Zone E,3.12,Low,0,Normal,0,8,13,15,21,59,50,Evening,OVERLOADED,15,5,20,6,1,⚠️ Delay update: Your waste collection ETA has increased by 5 minutes.,0,0,Long Collection Time
C0415,V001,R01,Zone D,7.98,Low,1,Normal,0,8,11,24,28,52,50,Evening,OVERLOADED,24,3,28,4,0,ℹ️ ETA updated by 4 minutes.,0,0,Normal
C0416,V005,R08,Zone A,9.76,High,24,Normal,0,5,4,25,53,50,50,Afternoon,SAFE,25,-1,48,28,5,🚨 Major delay: Your waste collection ETA has increased by 23 minutes.,1,0,Heavy Traffic
C0417,V002,R03,Zone D,4.03,High,14,Normal,0,4,9,13,39,53,50,Evening,OVERLOADED,13,5,32,26,7,🚨 Major delay: Your waste collection ETA has increased by 19 minutes.,1,0,Long Collection Time
C0418,V002,R03,Zone D,4.57,High,29,Normal,0,6,12,16,55,26,50,Afternoon,SAFE,16,6,51,39,4,🚨 Major delay: Your waste collection ETA has increased by 35 minutes.,1,0,Heavy Traffic
C0419,V005,R06,Zone B,8.53,Medium,9,Normal,0,6,11,24,43,42,50,Morning,SAFE,24,5,38,19,5,⚠️ Delay update: Your waste collection ETA has increased by 14 minutes.,1,0,Long Collection Time
C0420,V004,R08,Zone B,3.05,Low,1,Blocked,11,6,8,13,29,26,50,Morning,SAFE,13,2,27,16,2,⚠️ Delay update: Your waste collection ETA has increased by 14 minutes.,1,0,Route Change / Blockage
C0421,V002,R09,Zone B,1.99,Low,2,Normal,0,6,12,10,21,44,50,Afternoon,SAFE,10,6,18,11,3,⚠️ Delay update: Your waste collection ETA has increased by 8 minutes.,1,0,Long Collection Time
C0422,V004,R09,Zone D,8.6,Low,3,Normal,0,5,8,23,30,22,50,Afternoon,SAFE,23,3,29,7,1,⚠️ Delay update: Your waste collection ETA has increased by 6 minutes.,0,0,Normal
C0423,V002,R04,Zone A,0.94,Low,1,Normal,0,3,11,5,14,57,50,Afternoon,OVERLOADED,5,8,14,9,0,⚠️ Delay update: Your waste collection ETA has increased by 9 minutes.,0,0,Long Collection Time
C0424,V002,R05,Zone B,6.39,Low,1,Normal,0,5,12,18,27,39,50,Afternoon,SAFE,18,7,26,9,1,⚠️ Delay update: Your waste collection ETA has increased by 8 minutes.,0,0,Long Collection Time
C0425,V003,R02,Zone C,5.84,Low,3,Normal,0,6,14,18,32,53,50,Morning,OVERLOADED,18,8,29,14,3,⚠️ Delay update: Your waste collection ETA has increased by 11 minutes.,1,0,Long Collection Time
C0426,V002,R09,Zone A,3.79,Medium,4,Normal,0,5,8,13,20,49,50,Evening,SAFE,13,3,20,7,0,⚠️ Delay update: Your waste collection ETA has increased by 7 minutes.,0,0,Normal
C0427,V001,R08,Zone C,3.49,High,23,Normal,0,6,5,13,38,36,50,Evening,SAFE,13,-1,35,25,3,🚨 Major delay: Your waste collection ETA has increased by 22 minutes.,1,0,Heavy Traffic
C0428,V005,R03,Zone A,7.83,Medium,9,Normal,0,7,14,23,40,29,50,Morning,SAFE,23,7,39,17,1,🚨 Major delay: Your waste collection ETA has increased by 16 minutes.,1,0,Long Collection Time
C0429,V005,R09,Zone B,1.32,High,22,Normal,0,8,11,11,38,54,50,Evening,OVERLOADED,11,3,36,27,2,🚨 Major delay: Your waste collection ETA has increased by 25 minutes.,1,0,Heavy Traffic
C0430,V004,R03,Zone E,2.75,Medium,10,Normal,0,3,7,9,29,39,50,Morning,SAFE,9,4,23,20,6,⚠️ Delay update: Your waste collection ETA has increased by 14 minutes.,1,0,Other Operational Delay
C0431,V002,R09,Zone B,7.46,Low,3,Normal,0,7,9,22,28,37,50,Evening,SAFE,22,2,27,6,1,⚠️ Delay update: Your waste collection ETA has increased by 5 minutes.,0,0,Normal
C0432,V001,R02,Zone D,5.71,Low,3,Normal,0,4,8,16,24,46,50,Afternoon,SAFE,16,4,23,8,1,⚠️ Delay update: Your waste collection ETA has increased by 7 minutes.,0,0,Normal
C0433,V004,R10,Zone D,1.72,Low,2,Normal,0,5,11,9,18,55,50,Afternoon,OVERLOADED,9,6,17,9,1,⚠️ Delay update: Your waste collection ETA has increased by 8 minutes.,0,0,Long Collection Time
C0434,V003,R09,Zone A,8.88,Low,2,Normal,0,4,5,22,29,42,50,Afternoon,SAFE,22,1,25,7,4,ℹ️ ETA updated by 3 minutes.,0,0,Normal
C0435,V004,R08,Zone D,4.24,Medium,6,Normal,0,5,8,14,26,51,50,Morning,OVERLOADED,14,3,23,12,3,⚠️ Delay update: Your waste collection ETA has increased by 9 minutes.,1,0,Other Operational Delay
C0436,V004,R09,Zone B,8.36,Low,2,Normal,0,8,8,25,34,29,50,Morning,SAFE,25,0,27,9,7,ℹ️ ETA updated by 2 minutes.,0,0,Normal
C0437,V002,R05,Zone C,7.98,Low,2,Normal,0,7,7,23,28,30,50,Evening,SAFE,23,0,25,5,3,ℹ️ ETA updated by 2 minutes.,0,0,Normal
C0438,V003,R02,Zone B,6.43,Low,2,Normal,0,8,13,21,33,57,50,Evening,OVERLOADED,21,5,28,12,5,⚠️ Delay update: Your waste collection ETA has increased by 7 minutes.,1,0,Long Collection Time
C0439,V004,R08,Zone A,5.2,High,21,Blocked,9,6,14,17,58,25,50,Evening,SAFE,17,8,55,41,3,🚨 Major delay: Your waste collection ETA has increased by 38 minutes.,1,0,Heavy Traffic
C0440,V001,R06,Zone D,9.81,Medium,6,Changed,3,8,16,28,50,60,50,Morning,OVERLOADED,28,8,45,22,5,🚨 Major delay: Your waste collection ETA has increased by 17 minutes.,1,0,Long Collection Time
C0441,V001,R08,Zone C,1.88,Medium,4,Normal,0,8,16,12,28,53,50,Evening,OVERLOADED,12,8,24,16,4,⚠️ Delay update: Your waste collection ETA has increased by 12 minutes.,1,0,Long Collection Time
C0442,V005,R05,Zone E,7.39,Low,2,Normal,0,6,10,21,29,55,50,Afternoon,OVERLOADED,21,4,27,8,2,⚠️ Delay update: Your waste collection ETA has increased by 6 minutes.,0,0,Normal
C0443,V003,R10,Zone C,2.32,Medium,6,Normal,0,5,7,10,23,56,50,Evening,OVERLOADED,10,2,18,13,5,⚠️ Delay update: Your waste collection ETA has increased by 8 minutes.,1,0,Other Operational Delay
C0444,V003,R02,Zone C,3.71,Medium,7,Normal,0,6,9,14,25,36,50,Afternoon,SAFE,14,3,24,11,1,⚠️ Delay update: Your waste collection ETA has increased by 10 minutes.,1,0,Other Operational Delay
C0445,V005,R06,Zone B,3.43,Medium,7,Normal,0,7,6,14,22,59,50,Morning,OVERLOADED,14,-1,20,8,2,⚠️ Delay update: Your waste collection ETA has increased by 6 minutes.,0,0,Normal
C0446,V004,R05,Zone E,9.5,High,12,Normal,0,8,13,27,50,59,50,Afternoon,OVERLOADED,27,5,44,23,6,🚨 Major delay: Your waste collection ETA has increased by 17 minutes.,1,0,Long Collection Time
C0447,V003,R05,Zone A,9.69,Low,3,Normal,0,6,12,26,39,31,50,Afternoon,SAFE,26,6,35,13,4,⚠️ Delay update: Your waste collection ETA has increased by 9 minutes.,1,0,Long Collection Time
C0448,V001,R01,Zone A,2.24,High,25,Changed,3,8,15,13,51,40,50,Afternoon,SAFE,13,7,48,38,3,🚨 Major delay: Your waste collection ETA has increased by 35 minutes.,1,0,Heavy Traffic
C0449,V001,R02,Zone C,0.71,High,21,Normal,0,7,13,9,41,59,50,Morning,OVERLOADED,9,6,36,32,5,🚨 Major delay: Your waste collection ETA has increased by 27 minutes.,1,0,Heavy Traffic
C0450,V002,R08,Zone C,7.34,Low,3,Changed,8,4,7,19,40,38,50,Morning,SAFE,19,3,33,21,7,⚠️ Delay update: Your waste collection ETA has increased by 14 minutes.,1,0,Route Change / Blockage
C0451,V003,R03,Zone D,4.47,Medium,8,Normal,0,7,8,16,26,22,50,Morning,SAFE,16,1,25,10,1,⚠️ Delay update: Your waste collection ETA has increased by 9 minutes.,0,0,Normal
C0452,V004,R10,Zone E,1.34,High,26,Normal,0,3,11,6,40,37,50,Morning,SAFE,6,8,40,34,0,🚨 Major delay: Your waste collection ETA has increased by 34 minutes.,1,0,Heavy Traffic
C0453,V005,R03,Zone C,7.0,Low,2,Normal,0,3,10,17,32,38,50,Evening,SAFE,17,7,26,15,6,⚠️ Delay update: Your waste collection ETA has increased by 9 minutes.,1,0,Long Collection Time
C0454,V005,R08,Zone D,5.68,Medium,6,Normal,0,3,7,15,25,25,50,Morning,SAFE,15,4,25,10,0,⚠️ Delay update: Your waste collection ETA has increased by 10 minutes.,0,0,Normal
C0455,V004,R08,Zone E,9.81,High,27,Normal,0,8,11,28,60,35,50,Afternoon,SAFE,28,3,58,32,2,🚨 Major delay: Your waste collection ETA has increased by 30 minutes.,1,0,Heavy Traffic
C0456,V002,R02,Zone A,2.66,Medium,4,Normal,0,5,6,11,19,27,50,Morning,SAFE,11,1,16,8,3,⚠️ Delay update: Your waste collection ETA has increased by 5 minutes.,0,0,Normal
C0457,V005,R08,Zone D,4.34,Low,2,Normal,0,5,9,14,27,37,50,Evening,SAFE,14,4,20,13,7,⚠️ Delay update: Your waste collection ETA has increased by 6 minutes.,1,0,Other Operational Delay
C0458,V003,R01,Zone E,5.65,Medium,7,Normal,0,5,6,17,25,58,50,Evening,OVERLOADED,17,1,25,8,0,⚠️ Delay update: Your waste collection ETA has increased by 8 minutes.,0,0,Normal
C0459,V002,R06,Zone D,8.02,Low,0,Changed,3,8,16,25,38,31,50,Evening,SAFE,25,8,36,13,2,⚠️ Delay update: Your waste collection ETA has increased by 11 minutes.,1,0,Long Collection Time
C0460,V003,R08,Zone C,5.71,Medium,9,Normal,0,7,11,19,36,29,50,Afternoon,SAFE,19,4,32,17,4,⚠️ Delay update: Your waste collection ETA has increased by 13 minutes.,1,0,Other Operational Delay
C0461,V001,R03,Zone B,6.32,Low,1,Blocked,12,5,7,18,35,26,50,Morning,SAFE,18,2,33,17,2,🚨 Major delay: Your waste collection ETA has increased by 15 minutes.,1,0,Route Change / Blockage
C0462,V002,R08,Zone A,2.65,Medium,9,Normal,0,4,4,10,25,20,50,Morning,SAFE,10,0,19,15,6,⚠️ Delay update: Your waste collection ETA has increased by 9 minutes.,1,0,Other Operational Delay
C0463,V005,R01,Zone C,8.55,Medium,8,Normal,0,3,9,21,42,55,50,Morning,OVERLOADED,21,6,35,21,7,⚠️ Delay update: Your waste collection ETA has increased by 14 minutes.,1,0,Long Collection Time
C0464,V002,R09,Zone C,4.57,Medium,10,Normal,0,7,9,17,36,40,50,Afternoon,SAFE,17,2,29,19,7,⚠️ Delay update: Your waste collection ETA has increased by 12 minutes.,1,0,Other Operational Delay
C0465,V002,R09,Zone E,1.84,Medium,10,Normal,0,3,10,7,26,56,50,Afternoon,OVERLOADED,7,7,24,19,2,🚨 Major delay: Your waste collection ETA has increased by 17 minutes.,1,0,Long Collection Time
C0466,V002,R05,Zone D,6.81,Medium,9,Changed,8,5,10,19,47,43,50,Evening,SAFE,19,5,41,28,6,🚨 Major delay: Your waste collection ETA has increased by 22 minutes.,1,0,Route Change / Blockage
C0467,V002,R10,Zone A,2.55,Medium,7,Normal,0,7,7,13,22,44,50,Evening,SAFE,13,0,20,9,2,⚠️ Delay update: Your waste collection ETA has increased by 7 minutes.,0,0,Normal
C0468,V003,R04,Zone C,1.43,Low,3,Normal,0,6,8,9,21,26,50,Morning,SAFE,9,2,14,12,7,⚠️ Delay update: Your waste collection ETA has increased by 5 minutes.,1,0,Other Operational Delay
C0469,V001,R06,Zone E,8.69,Medium,6,Normal,0,4,7,22,38,36,50,Afternoon,SAFE,22,3,31,16,7,⚠️ Delay update: Your waste collection ETA has increased by 9 minutes.,1,0,Other Operational Delay
C0470,V004,R07,Zone A,4.87,Low,3,Normal,0,5,6,15,20,48,50,Afternoon,SAFE,15,1,19,5,1,ℹ️ ETA updated by 4 minutes.,0,0,Normal
C0471,V002,R05,Zone D,7.62,High,25,Normal,0,5,12,21,55,49,50,Morning,SAFE,21,7,53,34,2,🚨 Major delay: Your waste collection ETA has increased by 32 minutes.,1,0,Heavy Traffic
C0472,V005,R10,Zone C,3.26,Low,1,Normal,0,4,7,11,20,26,50,Morning,SAFE,11,3,15,9,5,ℹ️ ETA updated by 4 minutes.,0,0,Normal
C0473,V002,R09,Zone C,7.98,Medium,7,Normal,0,4,4,20,29,52,50,Evening,OVERLOADED,20,0,27,9,2,⚠️ Delay update: Your waste collection ETA has increased by 7 minutes.,0,0,Normal
C0474,V005,R03,Zone C,1.56,Medium,8,Normal,0,6,7,10,26,26,50,Evening,SAFE,10,1,19,16,7,⚠️ Delay update: Your waste collection ETA has increased by 9 minutes.,1,0,Other Operational Delay
C0475,V003,R07,Zone A,3.88,Medium,5,Changed,5,5,12,13,31,43,50,Evening,SAFE,13,7,30,18,1,🚨 Major delay: Your waste collection ETA has increased by 17 minutes.,1,0,Long Collection Time
C0476,V005,R10,Zone A,9.79,Low,3,Normal,0,8,13,28,37,30,50,Morning,SAFE,28,5,36,9,1,⚠️ Delay update: Your waste collection ETA has increased by 8 minutes.,0,0,Long Collection Time
C0477,V004,R10,Zone A,8.04,Medium,8,Normal,0,5,5,22,34,28,50,Morning,SAFE,22,0,30,12,4,⚠️ Delay update: Your waste collection ETA has increased by 8 minutes.,1,0,Other Operational Delay
C0478,V001,R05,Zone A,5.22,Medium,5,Normal,0,3,10,14,32,31,50,Evening,SAFE,14,7,26,18,6,⚠️ Delay update: Your waste collection ETA has increased by 12 minutes.,1,0,Long Collection Time
C0479,V005,R07,Zone E,3.73,Medium,10,Normal,0,7,9,15,30,54,50,Evening,OVERLOADED,15,2,27,15,3,⚠️ Delay update: Your waste collection ETA has increased by 12 minutes.,1,0,Other Operational Delay
C0480,V005,R02,Zone B,8.79,Low,2,Normal,0,7,14,25,34,23,50,Afternoon,SAFE,25,7,34,9,0,⚠️ Delay update: Your waste collection ETA has increased by 9 minutes.,0,0,Long Collection Time
C0481,V001,R04,Zone E,5.68,Medium,9,Normal,0,3,3,15,24,55,50,Afternoon,OVERLOADED,15,0,24,9,0,⚠️ Delay update: Your waste collection ETA has increased by 9 minutes.,0,0,Normal
C0482,V004,R02,Zone C,7.71,Medium,10,Normal,0,7,15,23,43,47,50,Evening,SAFE,23,8,41,20,2,🚨 Major delay: Your waste collection ETA has increased by 18 minutes.,1,0,Long Collection Time
C0483,V002,R07,Zone E,7.66,Medium,6,Normal,0,4,6,20,32,32,50,Evening,SAFE,20,2,28,12,4,⚠️ Delay update: Your waste collection ETA has increased by 8 minutes.,1,0,Other Operational Delay
C0484,V005,R02,Zone D,0.67,Medium,10,Normal,0,7,10,9,24,42,50,Afternoon,SAFE,9,3,22,15,2,⚠️ Delay update: Your waste collection ETA has increased by 13 minutes.,1,0,Other Operational Delay
C0485,V001,R01,Zone A,1.7,Medium,4,Normal,0,7,7,11,15,38,50,Evening,SAFE,11,0,15,4,0,ℹ️ ETA updated by 4 minutes.,0,0,Normal
C0486,V003,R09,Zone D,6.77,Low,2,Normal,0,3,11,17,33,56,50,Afternoon,OVERLOADED,17,8,27,16,6,⚠️ Delay update: Your waste collection ETA has increased by 10 minutes.,1,0,Long Collection Time
C0487,V001,R01,Zone D,2.04,Low,0,Normal,0,6,5,11,17,58,50,Afternoon,OVERLOADED,11,-1,10,6,7,✅ Your waste collection is on schedule.,0,0,Normal
C0488,V003,R08,Zone C,2.93,Low,1,Blocked,9,7,12,13,34,43,50,Afternoon,SAFE,13,5,28,21,6,🚨 Major delay: Your waste collection ETA has increased by 15 minutes.,1,0,Route Change / Blockage
C0489,V004,R02,Zone A,9.49,Low,3,Normal,0,8,16,27,44,35,50,Morning,SAFE,27,8,38,17,6,⚠️ Delay update: Your waste collection ETA has increased by 11 minutes.,1,0,Long Collection Time
C0490,V002,R08,Zone D,5.82,Medium,10,Changed,6,7,6,19,35,52,50,Morning,OVERLOADED,19,-1,34,16,1,🚨 Major delay: Your waste collection ETA has increased by 15 minutes.,1,0,Other Operational Delay
C0491,V001,R03,Zone C,7.63,Medium,7,Normal,0,6,12,22,42,31,50,Evening,SAFE,22,6,35,20,7,⚠️ Delay update: Your waste collection ETA has increased by 13 minutes.,1,0,Long Collection Time
C0492,V005,R06,Zone A,5.8,Low,2,Normal,0,3,4,15,21,53,50,Afternoon,OVERLOADED,15,1,18,6,3,ℹ️ ETA updated by 3 minutes.,0,0,Normal
C0493,V004,R03,Zone B,5.75,High,16,Normal,0,6,14,18,49,26,50,Morning,SAFE,18,8,42,31,7,🚨 Major delay: Your waste collection ETA has increased by 24 minutes.,1,0,Heavy Traffic
C0494,V001,R07,Zone C,1.39,Low,1,Normal,0,3,7,6,15,30,50,Evening,SAFE,6,4,11,9,4,⚠️ Delay update: Your waste collection ETA has increased by 5 minutes.,0,0,Normal
C0495,V005,R10,Zone E,3.76,Medium,8,Normal,0,4,9,12,26,50,50,Evening,SAFE,12,5,25,14,1,⚠️ Delay update: Your waste collection ETA has increased by 13 minutes.,1,0,Long Collection Time
C0496,V001,R09,Zone A,3.18,Medium,4,Normal,0,3,11,10,25,48,50,Evening,SAFE,10,8,22,15,3,⚠️ Delay update: Your waste collection ETA has increased by 12 minutes.,1,0,Long Collection Time
C0497,V003,R02,Zone D,4.21,Low,3,Changed,7,4,3,13,26,32,50,Evening,SAFE,13,-1,22,13,4,⚠️ Delay update: Your waste collection ETA has increased by 9 minutes.,1,0,Other Operational Delay
C0498,V001,R05,Zone D,8.08,Low,2,Normal,0,4,8,21,31,50,50,Evening,SAFE,21,4,27,10,4,⚠️ Delay update: Your waste collection ETA has increased by 6 minutes.,0,0,Normal
C0499,V001,R06,Zone E,4.03,Medium,9,Normal,0,3,8,12,26,21,50,Afternoon,SAFE,12,5,26,14,0,⚠️ Delay update: Your waste collection ETA has increased by 14 minutes.,1,0,Long Collection Time
C0500,V001,R04,Zone E,4.79,Low,1,Normal,0,8,12,18,24,58,50,Evening,OVERLOADED,18,4,23,6,1,⚠️ Delay update: Your waste collection ETA has increased by 5 minutes.,0,0,Normal
C0501,V004,R04,Zone D,4.28,High,15,Normal,0,5,7,14,35,34,50,Afternoon,SAFE,14,2,31,21,4,🚨 Major delay: Your waste collection ETA has increased by 17 minutes.,1,0,Heavy Traffic
C0502,V001,R04,Zone A,1.39,Medium,5,Normal,0,3,2,6,15,30,50,Morning,SAFE,6,-1,10,9,5,ℹ️ ETA updated by 4 minutes.,0,0,Normal
C0503,V005,R02,Zone C,4.69,High,27,Normal,0,7,14,17,57,53,50,Evening,OVERLOADED,17,7,51,40,6,🚨 Major delay: Your waste collection ETA has increased by 34 minutes.,1,0,Heavy Traffic
C0504,V003,R04,Zone E,2.36,Low,0,Normal,0,8,10,13,19,58,50,Morning,OVERLOADED,13,2,15,6,4,ℹ️ ETA updated by 2 minutes.,0,0,Normal
C0505,V003,R01,Zone E,2.27,Medium,8,Normal,0,8,13,13,29,23,50,Afternoon,SAFE,13,5,26,16,3,⚠️ Delay update: Your waste collection ETA has increased by 13 minutes.,1,0,Long Collection Time
C0506,V001,R06,Zone E,1.39,Medium,8,Blocked,12,7,12,10,35,30,50,Afternoon,SAFE,10,5,35,25,0,🚨 Major delay: Your waste collection ETA has increased by 25 minutes.,1,0,Route Change / Blockage
C0507,V004,R01,Zone B,3.89,Medium,10,Normal,0,5,5,13,25,48,50,Morning,SAFE,13,0,23,12,2,⚠️ Delay update: Your waste collection ETA has increased by 10 minutes.,1,0,Other Operational Delay
C0508,V004,R10,Zone A,7.7,Low,3,Normal,0,8,7,24,32,21,50,Evening,SAFE,24,-1,26,8,6,ℹ️ ETA updated by 2 minutes.,0,0,Normal
C0509,V005,R06,Zone A,3.13,Medium,5,Changed,4,4,10,11,26,35,50,Evening,SAFE,11,6,26,15,0,🚨 Major delay: Your waste collection ETA has increased by 15 minutes.,1,0,Long Collection Time
C0510,V001,R01,Zone A,3.47,Medium,6,Normal,0,5,11,12,26,58,50,Morning,OVERLOADED,12,6,24,14,2,⚠️ Delay update: Your waste collection ETA has increased by 12 minutes.,1,0,Long Collection Time
C0511,V003,R06,Zone A,6.61,Medium,9,Normal,0,7,12,21,36,32,50,Morning,SAFE,21,5,35,15,1,⚠️ Delay update: Your waste collection ETA has increased by 14 minutes.,1,0,Long Collection Time
C0512,V004,R10,Zone A,2.36,Low,0,Normal,0,5,11,10,17,56,50,Morning,OVERLOADED,10,6,16,7,1,⚠️ Delay update: Your waste collection ETA has increased by 6 minutes.,0,0,Long Collection Time
C0513,V001,R08,Zone D,9.02,High,14,Normal,0,3,4,22,41,36,50,Evening,SAFE,22,1,37,19,4,🚨 Major delay: Your waste collection ETA has increased by 15 minutes.,1,0,Other Operational Delay
C0514,V004,R02,Zone E,5.44,Low,1,Normal,0,5,5,16,22,40,50,Evening,SAFE,16,0,17,6,5,ℹ️ ETA updated by 1 minutes.,0,0,Normal
C0515,V004,R02,Zone D,4.75,High,15,Normal,0,4,9,14,35,38,50,Evening,SAFE,14,5,34,21,1,🚨 Major delay: Your waste collection ETA has increased by 20 minutes.,1,0,Heavy Traffic
C0516,V003,R04,Zone B,5.8,High,23,Normal,0,3,9,15,51,26,50,Morning,SAFE,15,6,44,36,7,🚨 Major delay: Your waste collection ETA has increased by 29 minutes.,1,0,Heavy Traffic
C0517,V002,R03,Zone C,2.08,High,21,Normal,0,6,5,11,35,57,50,Evening,OVERLOADED,11,-1,31,24,4,🚨 Major delay: Your waste collection ETA has increased by 20 minutes.,1,0,Heavy Traffic
C0518,V005,R04,Zone E,6.33,Medium,7,Normal,0,7,15,20,41,27,50,Afternoon,SAFE,20,8,35,21,6,🚨 Major delay: Your waste collection ETA has increased by 15 minutes.,1,0,Long Collection Time
C0519,V005,R07,Zone B,3.95,Medium,8,Changed,3,7,14,15,33,32,50,Morning,SAFE,15,7,33,18,0,🚨 Major delay: Your waste collection ETA has increased by 18 minutes.,1,0,Long Collection Time
C0520,V003,R01,Zone D,9.02,High,15,Normal,0,5,7,24,42,56,50,Evening,OVERLOADED,24,2,41,18,1,🚨 Major delay: Your waste collection ETA has increased by 17 minutes.,1,0,Heavy Traffic
C0521,V004,R06,Zone C,2.1,Low,3,Normal,0,8,10,13,25,21,50,Morning,SAFE,13,2,18,12,7,⚠️ Delay update: Your waste collection ETA has increased by 5 minutes.,1,0,Other Operational Delay
C0522,V001,R03,Zone B,5.32,Medium,5,Normal,0,3,4,14,20,60,50,Afternoon,OVERLOADED,14,1,20,6,0,⚠️ Delay update: Your waste collection ETA has increased by 6 minutes.,0,0,Normal
C0523,V004,R10,Zone C,6.18,Medium,5,Changed,4,6,10,19,32,30,50,Afternoon,SAFE,19,4,32,13,0,⚠️ Delay update: Your waste collection ETA has increased by 13 minutes.,1,0,Other Operational Delay
C0524,V003,R07,Zone B,0.82,Medium,10,Normal,0,3,2,5,19,43,50,Morning,SAFE,5,-1,14,14,5,⚠️ Delay update: Your waste collection ETA has increased by 9 minutes.,1,0,Other Operational Delay
C0525,V005,R10,Zone D,3.96,Low,3,Normal,0,7,11,15,23,25,50,Morning,SAFE,15,4,22,8,1,⚠️ Delay update: Your waste collection ETA has increased by 7 minutes.,0,0,Normal
C0526,V004,R02,Zone C,7.46,Medium,5,Changed,5,3,3,18,28,45,50,Afternoon,SAFE,18,0,28,10,0,⚠️ Delay update: Your waste collection ETA has increased by 10 minutes.,0,0,Normal
C0527,V005,R02,Zone B,8.29,High,18,Normal,0,6,13,23,53,26,50,Morning,SAFE,23,7,48,30,5,🚨 Major delay: Your waste collection ETA has increased by 25 minutes.,1,0,Heavy Traffic
C0528,V001,R04,Zone D,3.48,Low,0,Changed,6,8,8,15,26,58,50,Afternoon,OVERLOADED,15,0,21,11,5,⚠️ Delay update: Your waste collection ETA has increased by 6 minutes.,1,0,Other Operational Delay
C0529,V005,R01,Zone E,8.09,High,19,Normal,0,5,10,22,47,38,50,Afternoon,SAFE,22,5,46,25,1,🚨 Major delay: Your waste collection ETA has increased by 24 minutes.,1,0,Heavy Traffic
C0530,V005,R03,Zone D,9.69,Low,3,Normal,0,4,3,24,31,25,50,Evening,SAFE,24,-1,26,7,5,ℹ️ ETA updated by 2 minutes.,0,0,Normal
C0531,V002,R09,Zone D,8.64,Low,1,Changed,5,3,8,21,33,48,50,Morning,SAFE,21,5,32,12,1,⚠️ Delay update: Your waste collection ETA has increased by 11 minutes.,1,0,Long Collection Time
C0532,V002,R07,Zone E,1.62,Low,3,Normal,0,4,7,8,21,58,50,Morning,OVERLOADED,8,3,14,13,7,⚠️ Delay update: Your waste collection ETA has increased by 6 minutes.,1,0,Other Operational Delay
C0533,V002,R07,Zone D,7.53,Low,3,Normal,0,7,13,23,33,21,50,Evening,SAFE,23,6,32,10,1,⚠️ Delay update: Your waste collection ETA has increased by 9 minutes.,0,0,Long Collection Time
C0534,V005,R04,Zone E,3.54,High,12,Normal,0,5,7,13,29,38,50,Afternoon,SAFE,13,2,27,16,2,⚠️ Delay update: Your waste collection ETA has increased by 14 minutes.,1,0,Other Operational Delay
C0535,V003,R02,Zone E,9.89,Low,1,Changed,5,5,13,25,39,23,50,Morning,SAFE,25,8,39,14,0,⚠️ Delay update: Your waste collection ETA has increased by 14 minutes.,1,0,Long Collection Time
C0536,V005,R04,Zone E,5.11,Medium,6,Normal,0,3,8,14,32,25,50,Evening,SAFE,14,5,25,18,7,⚠️ Delay update: Your waste collection ETA has increased by 11 minutes.,1,0,Long Collection Time
C0537,V003,R06,Zone B,1.66,Low,2,Normal,0,8,12,12,21,56,50,Evening,OVERLOADED,12,4,18,9,3,⚠️ Delay update: Your waste collection ETA has increased by 6 minutes.,0,0,Normal
C0538,V003,R03,Zone C,7.39,Medium,4,Normal,0,5,8,20,28,47,50,Morning,SAFE,20,3,27,8,1,⚠️ Delay update: Your waste collection ETA has increased by 7 minutes.,0,0,Normal
C0539,V002,R01,Zone B,3.57,Medium,7,Normal,0,3,5,11,20,49,50,Evening,SAFE,11,2,20,9,0,⚠️ Delay update: Your waste collection ETA has increased by 9 minutes.,0,0,Normal
C0540,V004,R08,Zone E,9.97,Low,2,Normal,0,3,8,23,36,26,50,Afternoon,SAFE,23,5,30,13,6,⚠️ Delay update: Your waste collection ETA has increased by 7 minutes.,1,0,Long Collection Time
C0541,V001,R05,Zone C,9.81,Low,3,Normal,0,4,7,24,35,28,50,Evening,SAFE,24,3,30,11,5,⚠️ Delay update: Your waste collection ETA has increased by 6 minutes.,1,0,Other Operational Delay
C0542,V002,R05,Zone C,6.73,High,26,Normal,0,5,8,19,52,44,50,Afternoon,SAFE,19,3,48,33,4,🚨 Major delay: Your waste collection ETA has increased by 29 minutes.,1,0,Heavy Traffic
C0543,V002,R04,Zone E,1.73,Low,0,Normal,0,3,2,7,7,52,50,Afternoon,OVERLOADED,7,-1,6,0,1,✅ Your waste collection is on schedule.,0,0,Normal
C0544,V004,R06,Zone C,7.03,Medium,6,Normal,0,4,4,19,30,20,50,Morning,SAFE,19,0,25,11,5,⚠️ Delay update: Your waste collection ETA has increased by 6 minutes.,1,0,Other Operational Delay
C0545,V001,R03,Zone C,1.38,Low,0,Normal,0,6,9,9,17,25,50,Evening,SAFE,9,3,12,8,5,ℹ️ ETA updated by 3 minutes.,0,0,Normal
C0546,V005,R09,Zone B,0.78,Medium,9,Changed,6,4,5,6,27,37,50,Afternoon,SAFE,6,1,22,21,5,🚨 Major delay: Your waste collection ETA has increased by 16 minutes.,1,0,Other Operational Delay
C0547,V005,R05,Zone C,8.32,Low,3,Changed,4,4,4,21,33,29,50,Afternoon,SAFE,21,0,28,12,5,⚠️ Delay update: Your waste collection ETA has increased by 7 minutes.,1,0,Other Operational Delay
C0548,V002,R03,Zone E,2.49,Medium,9,Normal,0,3,5,8,24,47,50,Evening,SAFE,8,2,19,16,5,⚠️ Delay update: Your waste collection ETA has increased by 11 minutes.,1,0,Other Operational Delay
C0549,V001,R01,Zone A,4.1,Low,2,Normal,0,7,9,16,21,30,50,Afternoon,SAFE,16,2,20,5,1,ℹ️ ETA updated by 4 minutes.,0,0,Normal
C0550,V002,R10,Zone A,9.75,High,10,Normal,0,7,9,27,45,52,50,Evening,OVERLOADED,27,2,39,18,6,⚠️ Delay update: Your waste collection ETA has increased by 12 minutes.,1,0,Other Operational Delay
C0551,V003,R06,Zone A,3.7,Low,3,Normal,0,8,10,16,24,20,50,Morning,SAFE,16,2,21,8,3,⚠️ Delay update: Your waste collection ETA has increased by 5 minutes.,0,0,Normal
C0552,V002,R02,Zone E,3.32,Medium,9,Normal,0,7,8,14,26,32,50,Afternoon,SAFE,14,1,24,12,2,⚠️ Delay update: Your waste collection ETA has increased by 10 minutes.,1,0,Other Operational Delay
C0553,V002,R03,Zone A,9.22,Medium,10,Normal,0,4,9,23,43,56,50,Afternoon,OVERLOADED,23,5,38,20,5,🚨 Major delay: Your waste collection ETA has increased by 15 minutes.,1,0,Long Collection Time
C0554,V005,R01,Zone B,1.55,Low,2,Normal,0,8,15,12,26,39,50,Evening,SAFE,12,7,21,14,5,⚠️ Delay update: Your waste collection ETA has increased by 9 minutes.,1,0,Long Collection Time
C0555,V005,R09,Zone E,7.72,Medium,8,Changed,7,3,6,19,39,20,50,Evening,SAFE,19,3,37,20,2,🚨 Major delay: Your waste collection ETA has increased by 18 minutes.,1,0,Other Operational Delay
C0556,V005,R08,Zone E,9.89,Low,2,Normal,0,5,7,25,35,22,50,Evening,SAFE,25,2,29,10,6,ℹ️ ETA updated by 4 minutes.,0,0,Normal
C0557,V003,R02,Zone E,9.06,High,19,Normal,0,4,4,23,49,37,50,Evening,SAFE,23,0,42,26,7,🚨 Major delay: Your waste collection ETA has increased by 19 minutes.,1,0,Heavy Traffic
C0558,V005,R08,Zone C,6.69,High,12,Normal,0,4,4,18,36,60,50,Afternoon,OVERLOADED,18,0,30,18,6,⚠️ Delay update: Your waste collection ETA has increased by 12 minutes.,1,0,Other Operational Delay
C0559,V001,R09,Zone C,3.48,High,18,Changed,4,8,11,15,47,33,50,Morning,SAFE,15,3,40,32,7,🚨 Major delay: Your waste collection ETA has increased by 25 minutes.,1,0,Heavy Traffic
C0560,V004,R01,Zone C,2.92,Low,3,Normal,0,3,8,9,18,50,50,Morning,SAFE,9,5,17,9,1,⚠️ Delay update: Your waste collection ETA has increased by 8 minutes.,0,0,Long Collection Time
C0561,V001,R05,Zone D,8.28,Medium,7,Normal,0,6,14,23,38,46,50,Morning,SAFE,23,8,38,15,0,🚨 Major delay: Your waste collection ETA has increased by 15 minutes.,1,0,Long Collection Time
C0562,V001,R08,Zone B,8.86,Medium,10,Normal,0,4,12,22,44,36,50,Morning,SAFE,22,8,40,22,4,🚨 Major delay: Your waste collection ETA has increased by 18 minutes.,1,0,Long Collection Time
C0563,V005,R02,Zone E,5.49,High,23,Normal,0,6,13,17,51,48,50,Evening,SAFE,17,7,47,34,4,🚨 Major delay: Your waste collection ETA has increased by 30 minutes.,1,0,Heavy Traffic
C0564,V004,R04,Zone E,2.82,Medium,4,Normal,0,6,11,12,21,55,50,Afternoon,OVERLOADED,12,5,21,9,0,⚠️ Delay update: Your waste collection ETA has increased by 9 minutes.,0,0,Long Collection Time
C0565,V004,R07,Zone C,1.57,High,27,Normal,0,7,10,11,42,56,50,Afternoon,OVERLOADED,11,3,41,31,1,🚨 Major delay: Your waste collection ETA has increased by 30 minutes.,1,0,Heavy Traffic
C0566,V004,R03,Zone E,1.33,Medium,4,Normal,0,3,11,6,22,45,50,Afternoon,SAFE,6,8,18,16,4,⚠️ Delay update: Your waste collection ETA has increased by 12 minutes.,1,0,Long Collection Time
C0567,V003,R05,Zone E,7.33,Medium,6,Normal,0,6,14,21,41,36,50,Evening,SAFE,21,8,35,20,6,⚠️ Delay update: Your waste collection ETA has increased by 14 minutes.,1,0,Long Collection Time
C0568,V005,R08,Zone A,4.49,Low,0,Normal,0,3,11,12,22,41,50,Afternoon,SAFE,12,8,20,10,2,⚠️ Delay update: Your waste collection ETA has increased by 8 minutes.,0,0,Long Collection Time
C0569,V004,R10,Zone E,9.1,Medium,4,Changed,4,7,11,26,38,44,50,Evening,SAFE,26,4,38,12,0,⚠️ Delay update: Your waste collection ETA has increased by 12 minutes.,1,0,Other Operational Delay
C0570,V003,R03,Zone D,7.53,Medium,10,Normal,0,3,4,19,36,21,50,Afternoon,SAFE,19,1,30,17,6,⚠️ Delay update: Your waste collection ETA has increased by 11 minutes.,1,0,Other Operational Delay
C0571,V002,R04,Zone C,2.32,Medium,5,Normal,0,4,7,9,20,41,50,Morning,SAFE,9,3,17,11,3,⚠️ Delay update: Your waste collection ETA has increased by 8 minutes.,1,0,Other Operational Delay
C0572,V002,R09,Zone B,6.33,Medium,6,Normal,0,6,12,19,32,24,50,Evening,SAFE,19,6,31,13,1,⚠️ Delay update: Your waste collection ETA has increased by 12 minutes.,1,0,Long Collection Time
C0573,V003,R07,Zone B,4.64,Medium,8,Normal,0,3,2,13,20,23,50,Afternoon,SAFE,13,-1,20,7,0,⚠️ Delay update: Your waste collection ETA has increased by 7 minutes.,0,0,Normal
C0574,V003,R01,Zone A,5.98,Low,2,Normal,0,5,4,17,22,55,50,Morning,OVERLOADED,17,-1,18,5,4,ℹ️ ETA updated by 1 minutes.,0,0,Normal
C0575,V005,R04,Zone B,7.51,Medium,8,Normal,0,3,8,19,33,25,50,Morning,SAFE,19,5,32,14,1,⚠️ Delay update: Your waste collection ETA has increased by 13 minutes.,1,0,Long Collection Time
C0576,V005,R04,Zone B,8.16,Medium,10,Changed,6,6,9,23,44,40,50,Morning,SAFE,23,3,42,21,2,🚨 Major delay: Your waste collection ETA has increased by 19 minutes.,1,0,Other Operational Delay
C0577,V002,R09,Zone C,8.52,Medium,7,Blocked,12,7,10,25,48,32,50,Evening,SAFE,25,3,47,23,1,🚨 Major delay: Your waste collection ETA has increased by 22 minutes.,1,0,Route Change / Blockage
C0578,V004,R06,Zone C,2.91,Low,3,Normal,0,7,6,13,16,56,50,Evening,OVERLOADED,13,-1,15,3,1,ℹ️ ETA updated by 2 minutes.,0,0,Normal
C0579,V002,R09,Zone D,0.8,Low,2,Normal,0,6,13,8,19,44,50,Afternoon,SAFE,8,7,17,11,2,⚠️ Delay update: Your waste collection ETA has increased by 9 minutes.,1,0,Long Collection Time
C0580,V004,R06,Zone A,7.52,Low,1,Normal,0,4,3,20,25,45,50,Morning,SAFE,20,-1,20,5,5,✅ Your waste collection is on schedule.,0,0,Normal
C0581,V004,R06,Zone B,1.51,Medium,4,Normal,0,4,7,8,17,58,50,Afternoon,OVERLOADED,8,3,15,9,2,⚠️ Delay update: Your waste collection ETA has increased by 7 minutes.,0,0,Normal
C0582,V005,R05,Zone D,3.49,Low,3,Normal,0,7,15,14,31,39,50,Afternoon,SAFE,14,8,25,17,6,⚠️ Delay update: Your waste collection ETA has increased by 11 minutes.,1,0,Long Collection Time
C0583,V001,R05,Zone A,0.54,Medium,5,Normal,0,7,14,9,22,52,50,Morning,OVERLOADED,9,7,21,13,1,⚠️ Delay update: Your waste collection ETA has increased by 12 minutes.,1,0,Long Collection Time
C0584,V001,R02,Zone B,6.98,High,22,Changed,5,6,8,20,56,33,50,Afternoon,SAFE,20,2,49,36,7,🚨 Major delay: Your waste collection ETA has increased by 29 minutes.,1,0,Heavy Traffic
C0585,V003,R08,Zone B,2.09,Low,3,Normal,0,4,10,9,20,55,50,Evening,OVERLOADED,9,6,18,11,2,⚠️ Delay update: Your waste collection ETA has increased by 9 minutes.,1,0,Long Collection Time
C0586,V005,R08,Zone C,6.73,Medium,10,Changed,7,7,11,21,47,36,50,Afternoon,SAFE,21,4,42,26,5,🚨 Major delay: Your waste collection ETA has increased by 21 minutes.,1,0,Other Operational Delay
C0587,V004,R01,Zone E,9.92,Medium,4,Normal,0,4,5,24,35,40,50,Morning,SAFE,24,1,29,11,6,⚠️ Delay update: Your waste collection ETA has increased by 5 minutes.,1,0,Other Operational Delay
C0588,V001,R08,Zone A,1.19,High,19,Normal,0,7,9,10,38,35,50,Evening,SAFE,10,2,31,28,7,🚨 Major delay: Your waste collection ETA has increased by 21 minutes.,1,0,Heavy Traffic
C0589,V004,R05,Zone B,1.23,Medium,9,Normal,0,3,3,6,22,35,50,Evening,SAFE,6,0,15,16,7,⚠️ Delay update: Your waste collection ETA has increased by 9 minutes.,1,0,Other Operational Delay
C0590,V001,R02,Zone A,3.73,Medium,5,Normal,0,5,4,13,17,39,50,Afternoon,SAFE,13,-1,17,4,0,ℹ️ ETA updated by 4 minutes.,0,0,Normal
C0591,V001,R02,Zone D,8.73,High,23,Normal,0,8,14,26,57,48,50,Afternoon,SAFE,26,6,55,31,2,🚨 Major delay: Your waste collection ETA has increased by 29 minutes.,1,0,Heavy Traffic
C0592,V001,R06,Zone D,2.55,Medium,5,Normal,0,3,2,9,15,47,50,Evening,SAFE,9,-1,13,6,2,ℹ️ ETA updated by 4 minutes.,0,0,Normal
C0593,V005,R09,Zone E,3.92,High,18,Normal,0,8,7,16,34,27,50,Afternoon,SAFE,16,-1,33,18,1,🚨 Major delay: Your waste collection ETA has increased by 17 minutes.,1,0,Heavy Traffic
C0594,V002,R01,Zone B,1.15,Low,0,Blocked,9,7,9,10,27,43,50,Morning,SAFE,10,2,21,17,6,⚠️ Delay update: Your waste collection ETA has increased by 11 minutes.,1,0,Route Change / Blockage
C0595,V004,R06,Zone C,7.75,High,23,Normal,0,5,13,21,52,22,50,Afternoon,SAFE,21,8,52,31,0,🚨 Major delay: Your waste collection ETA has increased by 31 minutes.,1,0,Heavy Traffic
C0596,V005,R09,Zone B,4.38,Medium,6,Normal,0,5,13,14,31,44,50,Afternoon,SAFE,14,8,28,17,3,⚠️ Delay update: Your waste collection ETA has increased by 14 minutes.,1,0,Long Collection Time
C0597,V005,R08,Zone A,7.71,Medium,7,Changed,8,7,11,23,45,38,50,Evening,SAFE,23,4,42,22,3,🚨 Major delay: Your waste collection ETA has increased by 19 minutes.,1,0,Route Change / Blockage
C0598,V005,R06,Zone D,9.08,Low,3,Normal,0,7,14,26,40,52,50,Afternoon,OVERLOADED,26,7,36,14,4,⚠️ Delay update: Your waste collection ETA has increased by 10 minutes.,1,0,Long Collection Time
C0599,V005,R03,Zone A,2.71,Medium,5,Normal,0,4,3,10,16,21,50,Afternoon,SAFE,10,-1,14,6,2,ℹ️ ETA updated by 4 minutes.,0,0,Normal
C0600,V005,R08,Zone E,8.17,Low,1,Normal,0,7,12,24,32,34,50,Afternoon,SAFE,24,5,30,8,2,⚠️ Delay update: Your waste collection ETA has increased by 6 minutes.,0,0,Long Collection Time
C0601,V003,R09,Zone D,1.06,High,12,Normal,0,6,14,9,29,41,50,Morning,SAFE,9,8,29,20,0,🚨 Major delay: Your waste collection ETA has increased by 20 minutes.,1,0,Long Collection Time
C0602,V004,R01,Zone C,9.04,High,20,Changed,7,7,10,26,61,29,50,Afternoon,SAFE,26,3,56,35,5,🚨 Major delay: Your waste collection ETA has increased by 30 minutes.,1,0,Heavy Traffic
C0603,V005,R09,Zone D,6.68,Low,2,Normal,0,6,12,20,31,37,50,Morning,SAFE,20,6,28,11,3,⚠️ Delay update: Your waste collection ETA has increased by 8 minutes.,1,0,Long Collection Time
C0604,V004,R06,Zone B,8.81,High,30,Normal,0,7,12,25,64,41,50,Morning,SAFE,25,5,60,39,4,🚨 Major delay: Your waste collection ETA has increased by 35 minutes.,1,0,Heavy Traffic
C0605,V003,R06,Zone B,0.5,Medium,8,Normal,0,4,6,5,15,46,50,Morning,SAFE,5,2,15,10,0,⚠️ Delay update: Your waste collection ETA has increased by 10 minutes.,0,0,Normal
C0606,V003,R04,Zone D,2.11,Medium,9,Normal,0,6,8,11,24,32,50,Morning,SAFE,11,2,22,13,2,⚠️ Delay update: Your waste collection ETA has increased by 11 minutes.,1,0,Other Operational Delay
C0607,V004,R01,Zone E,4.2,Low,0,Normal,0,3,7,12,19,52,50,Evening,OVERLOADED,12,4,16,7,3,ℹ️ ETA updated by 4 minutes.,0,0,Normal
C0608,V001,R10,Zone B,4.11,Low,2,Changed,6,6,10,15,33,24,50,Morning,SAFE,15,4,27,18,6,⚠️ Delay update: Your waste collection ETA has increased by 12 minutes.,1,0,Other Operational Delay
C0609,V002,R08,Zone B,2.65,Low,2,Normal,0,4,11,10,23,45,50,Afternoon,SAFE,10,7,19,13,4,⚠️ Delay update: Your waste collection ETA has increased by 9 minutes.,1,0,Long Collection Time
C0610,V001,R02,Zone C,4.13,Low,0,Normal,0,8,11,17,21,32,50,Morning,SAFE,17,3,20,4,1,ℹ️ ETA updated by 3 minutes.,0,0,Normal
C0611,V001,R01,Zone D,1.72,High,11,Normal,0,6,12,10,30,46,50,Afternoon,SAFE,10,6,27,20,3,🚨 Major delay: Your waste collection ETA has increased by 17 minutes.,1,0,Long Collection Time
C0612,V001,R02,Zone B,4.42,Low,3,Normal,0,7,10,16,26,33,50,Morning,SAFE,16,3,22,10,4,⚠️ Delay update: Your waste collection ETA has increased by 6 minutes.,0,0,Normal
C0613,V005,R01,Zone E,8.12,High,19,Normal,0,7,7,24,43,43,50,Evening,SAFE,24,0,43,19,0,🚨 Major delay: Your waste collection ETA has increased by 19 minutes.,1,0,Heavy Traffic
C0614,V003,R01,Zone A,5.05,Low,1,Blocked,14,8,12,19,39,22,50,Morning,SAFE,19,4,38,20,1,🚨 Major delay: Your waste collection ETA has increased by 19 minutes.,1,0,Route Change / Blockage
C0615,V001,R09,Zone D,0.67,Medium,9,Normal,0,4,11,6,26,49,50,Morning,SAFE,6,7,22,20,4,🚨 Major delay: Your waste collection ETA has increased by 16 minutes.,1,0,Long Collection Time
C0616,V003,R01,Zone C,4.5,Medium,6,Normal,0,5,6,14,25,54,50,Evening,OVERLOADED,14,1,21,11,4,⚠️ Delay update: Your waste collection ETA has increased by 7 minutes.,1,0,Other Operational Delay
C0617,V004,R04,Zone B,0.76,High,20,Normal,0,7,6,9,35,33,50,Morning,SAFE,9,-1,28,26,7,🚨 Major delay: Your waste collection ETA has increased by 19 minutes.,1,0,Heavy Traffic
C0618,V002,R10,Zone E,9.68,Low,3,Normal,0,3,2,23,32,31,50,Afternoon,SAFE,23,-1,25,9,7,ℹ️ ETA updated by 2 minutes.,0,0,Normal
C0619,V004,R06,Zone D,1.71,Medium,4,Normal,0,4,5,8,20,47,50,Morning,SAFE,8,1,13,12,7,⚠️ Delay update: Your waste collection ETA has increased by 5 minutes.,1,0,Other Operational Delay
C0620,V004,R07,Zone E,7.22,Medium,6,Normal,0,6,14,21,37,48,50,Morning,SAFE,21,8,35,16,2,⚠️ Delay update: Your waste collection ETA has increased by 14 minutes.,1,0,Long Collection Time
C0621,V005,R02,Zone E,9.74,Low,1,Normal,0,6,9,26,35,36,50,Morning,SAFE,26,3,30,9,5,ℹ️ ETA updated by 4 minutes.,0,0,Normal
C0622,V002,R06,Zone C,8.35,Low,2,Changed,6,3,4,20,32,59,50,Evening,OVERLOADED,20,1,29,12,3,⚠️ Delay update: Your waste collection ETA has increased by 9 minutes.,1,0,Other Operational Delay
C0623,V004,R07,Zone D,7.14,Medium,8,Normal,0,7,14,22,39,40,50,Morning,SAFE,22,7,37,17,2,🚨 Major delay: Your waste collection ETA has increased by 15 minutes.,1,0,Long Collection Time
C0624,V004,R10,Zone B,8.47,Medium,6,Normal,0,4,10,21,39,42,50,Morning,SAFE,21,6,33,18,6,⚠️ Delay update: Your waste collection ETA has increased by 12 minutes.,1,0,Long Collection Time
C0625,V002,R10,Zone C,9.83,Medium,5,Normal,0,3,4,23,30,39,50,Afternoon,SAFE,23,1,29,7,1,⚠️ Delay update: Your waste collection ETA has increased by 6 minutes.,0,0,Normal
C0626,V002,R02,Zone B,6.4,Low,3,Normal,0,7,14,20,35,30,50,Morning,SAFE,20,7,30,15,5,⚠️ Delay update: Your waste collection ETA has increased by 10 minutes.,1,0,Long Collection Time
C0627,V004,R02,Zone A,5.81,Medium,9,Changed,6,4,8,16,39,53,50,Morning,OVERLOADED,16,4,35,23,4,🚨 Major delay: Your waste collection ETA has increased by 19 minutes.,1,0,Other Operational Delay
C0628,V002,R10,Zone E,6.47,Medium,4,Changed,6,6,11,19,36,29,50,Morning,SAFE,19,5,34,17,2,🚨 Major delay: Your waste collection ETA has increased by 15 minutes.,1,0,Long Collection Time
C0629,V004,R07,Zone A,5.56,Medium,7,Normal,0,4,6,16,32,29,50,Morning,SAFE,16,2,25,16,7,⚠️ Delay update: Your waste collection ETA has increased by 9 minutes.,1,0,Other Operational Delay
C0630,V004,R01,Zone E,6.53,High,20,Changed,5,8,10,22,54,25,50,Afternoon,SAFE,22,2,49,32,5,🚨 Major delay: Your waste collection ETA has increased by 27 minutes.,1,0,Heavy Traffic
C0631,V005,R08,Zone C,4.77,Medium,10,Normal,0,5,5,15,31,55,50,Afternoon,OVERLOADED,15,0,25,16,6,⚠️ Delay update: Your waste collection ETA has increased by 10 minutes.,1,0,Other Operational Delay
C0632,V001,R03,Zone B,2.58,Medium,10,Changed,8,4,7,10,34,43,50,Evening,SAFE,10,3,31,24,3,🚨 Major delay: Your waste collection ETA has increased by 21 minutes.,1,0,Route Change / Blockage
C0633,V004,R06,Zone B,1.64,Low,3,Normal,0,5,11,9,24,31,50,Morning,SAFE,9,6,18,15,6,⚠️ Delay update: Your waste collection ETA has increased by 9 minutes.,1,0,Long Collection Time
C0634,V003,R09,Zone C,1.15,Medium,5,Normal,0,4,9,7,18,42,50,Evening,SAFE,7,5,17,11,1,⚠️ Delay update: Your waste collection ETA has increased by 10 minutes.,1,0,Long Collection Time
C0635,V001,R06,Zone D,3.0,Low,3,Normal,0,5,10,11,19,46,50,Evening,SAFE,11,5,19,8,0,⚠️ Delay update: Your waste collection ETA has increased by 8 minutes.,0,0,Long Collection Time
C0636,V001,R09,Zone A,0.94,Medium,7,Changed,4,8,12,10,27,56,50,Morning,OVERLOADED,10,4,25,17,2,🚨 Major delay: Your waste collection ETA has increased by 15 minutes.,1,0,Other Operational Delay
C0637,V001,R07,Zone A,5.89,Medium,8,Normal,0,6,7,18,34,25,50,Afternoon,SAFE,18,1,27,16,7,⚠️ Delay update: Your waste collection ETA has increased by 9 minutes.,1,0,Other Operational Delay
C0638,V005,R09,Zone B,3.2,High,13,Normal,0,7,10,14,31,20,50,Afternoon,SAFE,14,3,30,17,1,🚨 Major delay: Your waste collection ETA has increased by 16 minutes.,1,0,Other Operational Delay
C0639,V004,R02,Zone B,8.33,Low,2,Normal,0,5,4,22,23,25,50,Morning,SAFE,22,-1,23,1,0,ℹ️ ETA updated by 1 minutes.,0,0,Normal
C0640,V005,R08,Zone B,1.21,Medium,9,Normal,0,8,13,11,32,41,50,Morning,SAFE,11,5,25,21,7,⚠️ Delay update: Your waste collection ETA has increased by 14 minutes.,1,0,Long Collection Time
C0641,V004,R08,Zone C,2.65,Medium,5,Normal,0,5,12,11,30,60,50,Afternoon,OVERLOADED,11,7,23,19,7,⚠️ Delay update: Your waste collection ETA has increased by 12 minutes.,1,0,Long Collection Time
C0642,V005,R02,Zone D,7.44,Low,1,Changed,8,6,5,21,36,43,50,Morning,SAFE,21,-1,29,15,7,⚠️ Delay update: Your waste collection ETA has increased by 8 minutes.,1,0,Route Change / Blockage
C0643,V005,R04,Zone A,6.19,Low,2,Normal,0,5,5,18,22,44,50,Morning,SAFE,18,0,20,4,2,ℹ️ ETA updated by 2 minutes.,0,0,Normal
C0644,V003,R07,Zone E,1.11,Low,2,Changed,6,8,9,11,21,34,50,Morning,SAFE,11,1,20,10,1,⚠️ Delay update: Your waste collection ETA has increased by 9 minutes.,0,0,Normal
C0645,V005,R04,Zone C,8.83,Low,2,Normal,0,8,9,26,36,45,50,Afternoon,SAFE,26,1,29,10,7,ℹ️ ETA updated by 3 minutes.,0,0,Normal
C0646,V002,R04,Zone A,8.83,Low,2,Normal,0,3,9,21,35,27,50,Evening,SAFE,21,6,29,14,6,⚠️ Delay update: Your waste collection ETA has increased by 8 minutes.,1,0,Long Collection Time
C0647,V003,R06,Zone D,3.64,Low,2,Normal,0,6,11,14,22,43,50,Evening,SAFE,14,5,21,8,1,⚠️ Delay update: Your waste collection ETA has increased by 7 minutes.,0,0,Long Collection Time
C0648,V005,R10,Zone C,3.73,Low,3,Normal,0,3,7,11,23,57,50,Morning,OVERLOADED,11,4,18,12,5,⚠️ Delay update: Your waste collection ETA has increased by 7 minutes.,1,0,Other Operational Delay
C0649,V001,R06,Zone A,9.9,Medium,10,Normal,0,6,14,26,50,25,50,Afternoon,SAFE,26,8,44,24,6,🚨 Major delay: Your waste collection ETA has increased by 18 minutes.,1,0,Long Collection Time
C0650,V002,R10,Zone C,6.45,Medium,10,Normal,0,5,13,18,38,54,50,Morning,OVERLOADED,18,8,36,20,2,🚨 Major delay: Your waste collection ETA has increased by 18 minutes.,1,0,Long Collection Time
C0651,V002,R03,Zone A,5.55,High,24,Normal,0,8,10,20,53,20,50,Afternoon,SAFE,20,2,46,33,7,🚨 Major delay: Your waste collection ETA has increased by 26 minutes.,1,0,Heavy Traffic
C0652,V002,R09,Zone A,8.46,Medium,10,Normal,0,3,10,20,38,55,50,Morning,OVERLOADED,20,7,37,18,1,🚨 Major delay: Your waste collection ETA has increased by 17 minutes.,1,0,Long Collection Time
C0653,V003,R10,Zone D,3.21,Medium,9,Normal,0,5,4,12,24,31,50,Afternoon,SAFE,12,-1,20,12,4,⚠️ Delay update: Your waste collection ETA has increased by 8 minutes.,1,0,Other Operational Delay
C0654,V005,R02,Zone E,4.58,High,17,Normal,0,8,8,18,37,57,50,Afternoon,OVERLOADED,18,0,35,19,2,🚨 Major delay: Your waste collection ETA has increased by 17 minutes.,1,0,Heavy Traffic
C0655,V005,R06,Zone D,3.04,Medium,7,Normal,0,6,8,13,23,30,50,Evening,SAFE,13,2,22,10,1,⚠️ Delay update: Your waste collection ETA has increased by 9 minutes.,0,0,Normal
C0656,V001,R07,Zone A,8.0,Medium,7,Normal,0,8,9,24,37,31,50,Morning,SAFE,24,1,32,13,5,⚠️ Delay update: Your waste collection ETA has increased by 8 minutes.,1,0,Other Operational Delay
C0657,V001,R09,Zone C,5.95,Medium,8,Normal,0,5,4,17,31,58,50,Evening,OVERLOADED,17,-1,24,14,7,⚠️ Delay update: Your waste collection ETA has increased by 7 minutes.,1,0,Other Operational Delay
C0658,V002,R03,Zone D,6.76,Low,1,Normal,0,3,6,17,21,26,50,Evening,SAFE,17,3,21,4,0,ℹ️ ETA updated by 4 minutes.,0,0,Normal
C0659,V001,R10,Zone E,2.9,Low,2,Normal,0,3,8,9,23,30,50,Afternoon,SAFE,9,5,16,14,7,⚠️ Delay update: Your waste collection ETA has increased by 7 minutes.,1,0,Long Collection Time
C0660,V003,R03,Zone A,2.59,Medium,4,Normal,0,8,8,14,18,55,50,Morning,OVERLOADED,14,0,18,4,0,ℹ️ ETA updated by 4 minutes.,0,0,Normal
C0661,V005,R07,Zone D,5.14,Medium,10,Normal,0,5,8,16,33,50,50,Afternoon,SAFE,16,3,29,17,4,⚠️ Delay update: Your waste collection ETA has increased by 13 minutes.,1,0,Other Operational Delay
C0662,V002,R04,Zone D,7.51,Low,0,Normal,0,4,8,20,26,52,50,Afternoon,OVERLOADED,20,4,24,6,2,ℹ️ ETA updated by 4 minutes.,0,0,Normal
C0663,V001,R08,Zone D,5.49,High,26,Normal,0,6,11,17,53,32,50,Afternoon,SAFE,17,5,48,36,5,🚨 Major delay: Your waste collection ETA has increased by 31 minutes.,1,0,Heavy Traffic
C0664,V003,R07,Zone D,0.81,Medium,7,Normal,0,6,5,8,15,37,50,Morning,SAFE,8,-1,14,7,1,⚠️ Delay update: Your waste collection ETA has increased by 6 minutes.,0,0,Normal
C0665,V003,R05,Zone C,8.75,Medium,8,Normal,0,5,10,23,37,60,50,Morning,OVERLOADED,23,5,36,14,1,⚠️ Delay update: Your waste collection ETA has increased by 13 minutes.,1,0,Long Collection Time
C0666,V001,R07,Zone E,1.11,High,17,Normal,0,4,6,7,26,43,50,Afternoon,SAFE,7,2,26,19,0,🚨 Major delay: Your waste collection ETA has increased by 19 minutes.,1,0,Heavy Traffic
C0667,V005,R03,Zone E,9.58,Medium,8,Normal,0,3,9,23,42,28,50,Morning,SAFE,23,6,37,19,5,⚠️ Delay update: Your waste collection ETA has increased by 14 minutes.,1,0,Long Collection Time
C0668,V001,R02,Zone A,0.74,High,25,Normal,0,7,9,9,42,50,50,Afternoon,SAFE,9,2,36,33,6,🚨 Major delay: Your waste collection ETA has increased by 27 minutes.,1,0,Heavy Traffic
C0669,V002,R06,Zone B,7.1,Medium,7,Normal,0,7,11,22,37,60,50,Morning,OVERLOADED,22,4,33,15,4,⚠️ Delay update: Your waste collection ETA has increased by 11 minutes.,1,0,Other Operational Delay
C0670,V001,R02,Zone C,1.28,Low,3,Normal,0,5,12,8,18,29,50,Morning,SAFE,8,7,18,10,0,⚠️ Delay update: Your waste collection ETA has increased by 10 minutes.,0,0,Long Collection Time
C0671,V003,R03,Zone A,9.15,Medium,9,Normal,0,4,7,23,35,21,50,Evening,SAFE,23,3,35,12,0,⚠️ Delay update: Your waste collection ETA has increased by 12 minutes.,1,0,Other Operational Delay
C0672,V001,R06,Zone A,4.91,Medium,8,Changed,7,4,6,14,35,57,50,Afternoon,OVERLOADED,14,2,31,21,4,🚨 Major delay: Your waste collection ETA has increased by 17 minutes.,1,0,Other Operational Delay
C0673,V005,R05,Zone D,1.81,Medium,10,Changed,3,6,12,10,31,34,50,Evening,SAFE,10,6,29,21,2,🚨 Major delay: Your waste collection ETA has increased by 19 minutes.,1,0,Long Collection Time
C0674,V004,R08,Zone B,3.74,High,21,Normal,0,3,10,11,40,22,50,Evening,SAFE,11,7,39,29,1,🚨 Major delay: Your waste collection ETA has increased by 28 minutes.,1,0,Heavy Traffic
C0675,V001,R09,Zone B,2.07,Medium,8,Normal,0,8,10,13,25,50,50,Afternoon,SAFE,13,2,23,12,2,⚠️ Delay update: Your waste collection ETA has increased by 10 minutes.,1,0,Other Operational Delay
C0676,V005,R03,Zone C,2.12,Medium,9,Normal,0,4,5,9,24,25,50,Afternoon,SAFE,9,1,19,15,5,⚠️ Delay update: Your waste collection ETA has increased by 10 minutes.,1,0,Other Operational Delay
C0677,V005,R10,Zone B,9.51,High,25,Normal,0,8,14,28,65,22,50,Morning,SAFE,28,6,59,37,6,🚨 Major delay: Your waste collection ETA has increased by 31 minutes.,1,0,Heavy Traffic
C0678,V003,R03,Zone A,4.73,Medium,9,Normal,0,7,10,17,36,30,50,Afternoon,SAFE,17,3,29,19,7,⚠️ Delay update: Your waste collection ETA has increased by 12 minutes.,1,0,Other Operational Delay
C0679,V005,R03,Zone B,7.99,Medium,5,Normal,0,8,8,24,32,34,50,Evening,SAFE,24,0,29,8,3,⚠️ Delay update: Your waste collection ETA has increased by 5 minutes.,0,0,Normal
C0680,V005,R06,Zone B,6.58,High,16,Normal,0,3,11,17,44,47,50,Evening,SAFE,17,8,41,27,3,🚨 Major delay: Your waste collection ETA has increased by 24 minutes.,1,0,Heavy Traffic
C0681,V005,R01,Zone E,6.93,Low,0,Normal,0,3,10,17,27,29,50,Afternoon,SAFE,17,7,24,10,3,⚠️ Delay update: Your waste collection ETA has increased by 7 minutes.,0,0,Long Collection Time
C0682,V005,R07,Zone A,1.75,Medium,7,Blocked,11,8,9,12,35,57,50,Evening,OVERLOADED,12,1,31,23,4,🚨 Major delay: Your waste collection ETA has increased by 19 minutes.,1,0,Route Change / Blockage
C0683,V002,R01,Zone B,2.72,High,14,Normal,0,5,5,11,25,26,50,Morning,SAFE,11,0,25,14,0,⚠️ Delay update: Your waste collection ETA has increased by 14 minutes.,1,0,Other Operational Delay
C0684,V002,R05,Zone B,7.97,Medium,8,Changed,5,4,3,20,38,34,50,Evening,SAFE,20,-1,32,18,6,⚠️ Delay update: Your waste collection ETA has increased by 12 minutes.,1,0,Other Operational Delay
C0685,V003,R10,Zone D,9.72,Medium,6,Changed,4,5,11,25,43,37,50,Morning,SAFE,25,6,41,18,2,🚨 Major delay: Your waste collection ETA has increased by 16 minutes.,1,0,Long Collection Time
C0686,V001,R08,Zone B,3.0,Medium,10,Normal,0,8,9,14,32,37,50,Evening,SAFE,14,1,25,18,7,⚠️ Delay update: Your waste collection ETA has increased by 11 minutes.,1,0,Other Operational Delay
C0687,V005,R04,Zone B,3.08,Medium,7,Normal,0,4,9,11,24,60,50,Morning,OVERLOADED,11,5,23,13,1,⚠️ Delay update: Your waste collection ETA has increased by 12 minutes.,1,0,Long Collection Time
C0688,V001,R05,Zone E,4.99,High,24,Normal,0,6,5,16,42,43,50,Morning,SAFE,16,-1,39,26,3,🚨 Major delay: Your waste collection ETA has increased by 23 minutes.,1,0,Heavy Traffic
C0689,V001,R04,Zone A,9.85,Low,1,Normal,0,5,4,25,27,21,50,Afternoon,SAFE,25,-1,25,2,2,✅ Your waste collection is on schedule.,0,0,Normal
C0690,V003,R04,Zone C,3.06,Low,3,Normal,0,5,12,12,25,59,50,Morning,OVERLOADED,12,7,22,13,3,⚠️ Delay update: Your waste collection ETA has increased by 10 minutes.,1,0,Long Collection Time
C0691,V005,R08,Zone A,4.37,Low,2,Normal,0,8,14,17,31,39,50,Afternoon,SAFE,17,6,25,14,6,⚠️ Delay update: Your waste collection ETA has increased by 8 minutes.,1,0,Long Collection Time
C0692,V005,R02,Zone D,8.97,Medium,8,Normal,0,7,8,25,37,53,50,Evening,OVERLOADED,25,1,34,12,3,⚠️ Delay update: Your waste collection ETA has increased by 9 minutes.,1,0,Other Operational Delay
C0693,V004,R01,Zone A,0.53,Medium,5,Normal,0,8,12,10,20,45,50,Evening,SAFE,10,4,19,10,1,⚠️ Delay update: Your waste collection ETA has increased by 9 minutes.,0,0,Normal
C0694,V001,R03,Zone B,0.88,High,30,Normal,0,5,6,7,45,26,50,Evening,SAFE,7,1,38,38,7,🚨 Major delay: Your waste collection ETA has increased by 31 minutes.,1,0,Heavy Traffic
C0695,V001,R09,Zone D,6.24,Medium,8,Normal,0,4,6,17,32,57,50,Morning,OVERLOADED,17,2,27,15,5,⚠️ Delay update: Your waste collection ETA has increased by 10 minutes.,1,0,Other Operational Delay
C0696,V002,R04,Zone A,9.12,Medium,6,Normal,0,7,6,26,36,49,50,Evening,SAFE,26,-1,31,10,5,⚠️ Delay update: Your waste collection ETA has increased by 5 minutes.,0,0,Normal
C0697,V004,R10,Zone D,2.77,Low,2,Normal,0,8,11,14,25,24,50,Evening,SAFE,14,3,19,11,6,⚠️ Delay update: Your waste collection ETA has increased by 5 minutes.,1,0,Other Operational Delay
C0698,V002,R05,Zone C,4.96,Medium,7,Normal,0,8,7,18,29,30,50,Afternoon,SAFE,18,-1,24,11,5,⚠️ Delay update: Your waste collection ETA has increased by 6 minutes.,1,0,Other Operational Delay
C0699,V002,R02,Zone A,4.78,Medium,8,Normal,0,5,4,15,26,20,50,Afternoon,SAFE,15,-1,22,11,4,⚠️ Delay update: Your waste collection ETA has increased by 7 minutes.,1,0,Other Operational Delay
C0700,V002,R04,Zone B,4.99,Low,3,Normal,0,5,13,15,26,53,50,Evening,OVERLOADED,15,8,26,11,0,⚠️ Delay update: Your waste collection ETA has increased by 11 minutes.,1,0,Long Collection Time
C0701,V003,R02,Zone D,6.41,Low,0,Normal,0,6,11,19,28,20,50,Evening,SAFE,19,5,24,9,4,⚠️ Delay update: Your waste collection ETA has increased by 5 minutes.,0,0,Long Collection Time
C0702,V003,R02,Zone E,4.96,Low,1,Changed,6,8,12,18,31,38,50,Morning,SAFE,18,4,29,13,2,⚠️ Delay update: Your waste collection ETA has increased by 11 minutes.,1,0,Other Operational Delay
C0703,V002,R04,Zone D,4.75,Low,2,Normal,0,5,5,15,21,21,50,Morning,SAFE,15,0,17,6,4,ℹ️ ETA updated by 2 minutes.,0,0,Normal
C0704,V004,R06,Zone E,5.01,Medium,7,Normal,0,3,3,14,23,40,50,Evening,SAFE,14,0,21,9,2,⚠️ Delay update: Your waste collection ETA has increased by 7 minutes.,0,0,Normal
C0705,V001,R07,Zone B,6.11,Low,1,Normal,0,7,12,20,28,39,50,Afternoon,SAFE,20,5,26,8,2,⚠️ Delay update: Your waste collection ETA has increased by 6 minutes.,0,0,Long Collection Time
C0706,V004,R10,Zone C,5.6,Medium,9,Changed,7,3,2,15,30,42,50,Evening,SAFE,15,-1,30,15,0,🚨 Major delay: Your waste collection ETA has increased by 15 minutes.,1,0,Other Operational Delay
C0707,V005,R03,Zone E,8.61,High,25,Normal,0,7,7,25,51,40,50,Morning,SAFE,25,0,50,26,1,🚨 Major delay: Your waste collection ETA has increased by 25 minutes.,1,0,Heavy Traffic
C0708,V003,R03,Zone C,0.97,Medium,5,Normal,0,8,14,10,28,43,50,Afternoon,SAFE,10,6,21,18,7,⚠️ Delay update: Your waste collection ETA has increased by 11 minutes.,1,0,Long Collection Time
C0709,V001,R10,Zone D,8.42,High,14,Normal,0,6,10,23,47,23,50,Afternoon,SAFE,23,4,41,24,6,🚨 Major delay: Your waste collection ETA has increased by 18 minutes.,1,0,Other Operational Delay
C0710,V001,R06,Zone B,8.52,Medium,9,Normal,0,5,5,23,32,31,50,Morning,SAFE,23,0,32,9,0,⚠️ Delay update: Your waste collection ETA has increased by 9 minutes.,0,0,Normal
C0711,V005,R03,Zone E,3.21,Medium,7,Normal,0,5,10,12,30,41,50,Evening,SAFE,12,5,24,18,6,⚠️ Delay update: Your waste collection ETA has increased by 12 minutes.,1,0,Long Collection Time
C0712,V005,R02,Zone D,4.9,High,22,Normal,0,5,7,15,44,39,50,Evening,SAFE,15,2,39,29,5,🚨 Major delay: Your waste collection ETA has increased by 24 minutes.,1,0,Heavy Traffic
C0713,V002,R08,Zone A,4.67,Low,2,Blocked,13,8,8,18,38,37,50,Evening,SAFE,18,0,33,20,5,🚨 Major delay: Your waste collection ETA has increased by 15 minutes.,1,0,Route Change / Blockage
C0714,V003,R05,Zone D,2.58,High,11,Normal,0,7,11,13,32,20,50,Morning,SAFE,13,4,28,19,4,🚨 Major delay: Your waste collection ETA has increased by 15 minutes.,1,0,Other Operational Delay
C0715,V003,R01,Zone C,4.27,Low,0,Normal,0,5,12,14,23,49,50,Afternoon,SAFE,14,7,21,9,2,⚠️ Delay update: Your waste collection ETA has increased by 7 minutes.,0,0,Long Collection Time
C0716,V004,R03,Zone B,0.92,Medium,6,Normal,0,3,10,5,21,52,50,Morning,OVERLOADED,5,7,18,16,3,⚠️ Delay update: Your waste collection ETA has increased by 13 minutes.,1,0,Long Collection Time
C0717,V002,R10,Zone B,3.14,Low,1,Normal,0,5,11,12,22,43,50,Evening,SAFE,12,6,19,10,3,⚠️ Delay update: Your waste collection ETA has increased by 7 minutes.,0,0,Long Collection Time
C0718,V002,R08,Zone D,8.26,Medium,9,Changed,3,8,9,25,44,33,50,Morning,SAFE,25,1,38,19,6,⚠️ Delay update: Your waste collection ETA has increased by 13 minutes.,1,0,Other Operational Delay
C0719,V002,R04,Zone A,3.2,Medium,8,Normal,0,6,7,13,24,55,50,Afternoon,OVERLOADED,13,1,22,11,2,⚠️ Delay update: Your waste collection ETA has increased by 9 minutes.,1,0,Other Operational Delay
C0720,V002,R07,Zone C,8.27,Medium,7,Normal,0,3,3,20,33,24,50,Morning,SAFE,20,0,27,13,6,⚠️ Delay update: Your waste collection ETA has increased by 7 minutes.,1,0,Other Operational Delay
C0721,V003,R10,Zone D,5.55,Low,1,Normal,0,5,8,17,21,30,50,Evening,SAFE,17,3,21,4,0,ℹ️ ETA updated by 4 minutes.,0,0,Normal
C0722,V003,R02,Zone D,8.86,Low,3,Changed,7,5,7,23,36,43,50,Afternoon,SAFE,23,2,35,13,1,⚠️ Delay update: Your waste collection ETA has increased by 12 minutes.,1,0,Other Operational Delay
C0723,V002,R07,Zone B,5.96,Low,3,Normal,0,4,9,16,31,50,50,Morning,SAFE,16,5,24,15,7,⚠️ Delay update: Your waste collection ETA has increased by 8 minutes.,1,0,Long Collection Time
C0724,V004,R05,Zone C,0.78,Low,2,Normal,0,7,9,9,13,32,50,Morning,SAFE,9,2,13,4,0,ℹ️ ETA updated by 4 minutes.,0,0,Normal
C0725,V001,R05,Zone A,6.92,High,13,Normal,0,3,10,17,39,35,50,Afternoon,SAFE,17,7,37,22,2,🚨 Major delay: Your waste collection ETA has increased by 20 minutes.,1,0,Long Collection Time
C0726,V001,R06,Zone B,0.93,Low,0,Normal,0,4,4,6,8,43,50,Afternoon,SAFE,6,0,6,2,2,✅ Your waste collection is on schedule.,0,0,Normal
C0727,V004,R09,Zone D,4.78,High,16,Blocked,9,6,10,16,46,32,50,Evening,SAFE,16,4,45,30,1,🚨 Major delay: Your waste collection ETA has increased by 29 minutes.,1,0,Heavy Traffic
C0728,V002,R06,Zone B,9.33,High,28,Normal,0,7,12,26,65,43,50,Afternoon,SAFE,26,5,59,39,6,🚨 Major delay: Your waste collection ETA has increased by 33 minutes.,1,0,Heavy Traffic
C0729,V003,R08,Zone B,2.07,Low,2,Normal,0,3,5,8,16,45,50,Evening,SAFE,8,2,12,8,4,ℹ️ ETA updated by 4 minutes.,0,0,Normal
C0730,V001,R07,Zone E,4.2,Medium,9,Normal,0,5,9,14,31,21,50,Morning,SAFE,14,4,27,17,4,⚠️ Delay update: Your waste collection ETA has increased by 13 minutes.,1,0,Other Operational Delay
C0731,V005,R09,Zone B,7.43,Low,1,Normal,0,3,8,18,25,35,50,Evening,SAFE,18,5,24,7,1,⚠️ Delay update: Your waste collection ETA has increased by 6 minutes.,0,0,Long Collection Time
C0732,V005,R04,Zone B,8.88,Low,3,Normal,0,5,7,23,32,57,50,Morning,OVERLOADED,23,2,28,9,4,⚠️ Delay update: Your waste collection ETA has increased by 5 minutes.,0,0,Normal
C0733,V004,R02,Zone C,6.87,Low,2,Blocked,11,7,13,21,43,20,50,Afternoon,SAFE,21,6,40,22,3,🚨 Major delay: Your waste collection ETA has increased by 19 minutes.,1,0,Route Change / Blockage
C0734,V002,R07,Zone B,2.95,Medium,10,Normal,0,5,12,11,32,30,50,Morning,SAFE,11,7,28,21,4,🚨 Major delay: Your waste collection ETA has increased by 17 minutes.,1,0,Long Collection Time
C0735,V001,R06,Zone A,6.91,Medium,4,Changed,8,6,5,20,35,54,50,Afternoon,OVERLOADED,20,-1,31,15,4,⚠️ Delay update: Your waste collection ETA has increased by 11 minutes.,1,0,Route Change / Blockage
C0736,V002,R01,Zone D,3.32,Medium,7,Normal,0,8,13,15,31,48,50,Morning,SAFE,15,5,27,16,4,⚠️ Delay update: Your waste collection ETA has increased by 12 minutes.,1,0,Long Collection Time
C0737,V001,R09,Zone C,7.33,Medium,4,Normal,0,5,12,20,34,56,50,Morning,OVERLOADED,20,7,31,14,3,⚠️ Delay update: Your waste collection ETA has increased by 11 minutes.,1,0,Long Collection Time
C0738,V004,R09,Zone B,9.56,Low,3,Normal,0,6,14,26,43,36,50,Morning,SAFE,26,8,37,17,6,⚠️ Delay update: Your waste collection ETA has increased by 11 minutes.,1,0,Long Collection Time
C0739,V004,R02,Zone A,7.35,Medium,7,Normal,0,8,11,23,37,58,50,Morning,OVERLOADED,23,3,33,14,4,⚠️ Delay update: Your waste collection ETA has increased by 10 minutes.,1,0,Other Operational Delay
C0740,V005,R03,Zone D,8.7,Medium,5,Blocked,8,7,7,25,43,47,50,Evening,SAFE,25,0,38,18,5,⚠️ Delay update: Your waste collection ETA has increased by 13 minutes.,1,0,Route Change / Blockage
C0741,V002,R05,Zone C,0.52,Low,1,Changed,3,7,15,9,24,48,50,Morning,SAFE,9,8,21,15,3,⚠️ Delay update: Your waste collection ETA has increased by 12 minutes.,1,0,Long Collection Time
C0742,V005,R05,Zone A,7.32,Low,0,Normal,0,3,7,18,23,22,50,Evening,SAFE,18,4,22,5,1,ℹ️ ETA updated by 4 minutes.,0,0,Normal
C0743,V002,R01,Zone B,8.38,Medium,7,Normal,0,6,11,23,35,29,50,Afternoon,SAFE,23,5,35,12,0,⚠️ Delay update: Your waste collection ETA has increased by 12 minutes.,1,0,Long Collection Time
C0744,V005,R08,Zone E,0.89,Low,2,Normal,0,6,6,8,11,33,50,Afternoon,SAFE,8,0,10,3,1,ℹ️ ETA updated by 2 minutes.,0,0,Normal
C0745,V003,R08,Zone E,8.78,Medium,9,Changed,5,4,4,22,36,31,50,Evening,SAFE,22,0,36,14,0,⚠️ Delay update: Your waste collection ETA has increased by 14 minutes.,1,0,Other Operational Delay
C0746,V003,R04,Zone C,2.94,Low,2,Changed,4,4,12,10,31,49,50,Afternoon,SAFE,10,8,24,21,7,⚠️ Delay update: Your waste collection ETA has increased by 14 minutes.,1,0,Long Collection Time
C0747,V003,R07,Zone A,6.82,Low,0,Normal,0,8,16,22,31,51,50,Afternoon,OVERLOADED,22,8,30,9,1,⚠️ Delay update: Your waste collection ETA has increased by 8 minutes.,0,0,Long Collection Time
C0748,V003,R10,Zone D,8.1,Low,1,Normal,0,8,7,25,30,51,50,Morning,OVERLOADED,25,-1,25,5,5,✅ Your waste collection is on schedule.,0,0,Normal
C0749,V001,R03,Zone A,6.8,Low,1,Normal,0,4,6,18,21,51,50,Morning,OVERLOADED,18,2,21,3,0,ℹ️ ETA updated by 3 minutes.,0,0,Normal
C0750,V003,R06,Zone E,1.38,Medium,7,Normal,0,8,13,11,23,45,50,Morning,SAFE,11,5,23,12,0,⚠️ Delay update: Your waste collection ETA has increased by 12 minutes.,1,0,Long Collection Time
C0751,V004,R10,Zone C,6.17,Medium,8,Normal,0,5,12,18,35,20,50,Evening,SAFE,18,7,33,17,2,🚨 Major delay: Your waste collection ETA has increased by 15 minutes.,1,0,Long Collection Time
C0752,V004,R10,Zone B,5.72,Medium,7,Normal,0,4,5,16,24,21,50,Evening,SAFE,16,1,24,8,0,⚠️ Delay update: Your waste collection ETA has increased by 8 minutes.,0,0,Normal
C0753,V001,R09,Zone A,9.05,High,11,Normal,0,6,11,25,41,36,50,Afternoon,SAFE,25,5,41,16,0,🚨 Major delay: Your waste collection ETA has increased by 16 minutes.,1,0,Long Collection Time
C0754,V003,R01,Zone E,4.34,Medium,8,Normal,0,5,10,14,29,49,50,Morning,SAFE,14,5,27,15,2,⚠️ Delay update: Your waste collection ETA has increased by 13 minutes.,1,0,Long Collection Time
C0755,V003,R05,Zone D,3.55,Medium,5,Changed,5,8,13,16,35,58,50,Evening,OVERLOADED,16,5,31,19,4,🚨 Major delay: Your waste collection ETA has increased by 15 minutes.,1,0,Long Collection Time
C0756,V003,R04,Zone C,7.62,Low,0,Normal,0,7,7,23,27,26,50,Evening,SAFE,23,0,23,4,4,✅ Your waste collection is on schedule.,0,0,Normal
C0757,V005,R08,Zone B,4.42,Medium,5,Normal,0,3,7,12,23,46,50,Morning,SAFE,12,4,21,11,2,⚠️ Delay update: Your waste collection ETA has increased by 9 minutes.,1,0,Other Operational Delay
C0758,V002,R01,Zone A,6.64,Medium,10,Normal,0,4,4,18,31,28,50,Evening,SAFE,18,0,28,13,3,⚠️ Delay update: Your waste collection ETA has increased by 10 minutes.,1,0,Other Operational Delay
C0759,V005,R09,Zone D,6.64,Low,2,Normal,0,7,11,21,34,41,50,Morning,SAFE,21,4,27,13,7,⚠️ Delay update: Your waste collection ETA has increased by 6 minutes.,1,0,Other Operational Delay
C0760,V002,R06,Zone B,8.94,Medium,7,Normal,0,8,16,26,41,53,50,Afternoon,OVERLOADED,26,8,41,15,0,🚨 Major delay: Your waste collection ETA has increased by 15 minutes.,1,0,Long Collection Time
C0761,V003,R04,Zone E,6.19,Low,2,Normal,0,6,7,19,22,20,50,Afternoon,SAFE,19,1,22,3,0,ℹ️ ETA updated by 3 minutes.,0,0,Normal
C0762,V003,R09,Zone E,5.27,Medium,5,Normal,0,3,3,14,21,28,50,Afternoon,SAFE,14,0,19,7,2,⚠️ Delay update: Your waste collection ETA has increased by 5 minutes.,0,0,Normal
C0763,V005,R05,Zone D,1.82,High,12,Normal,0,7,11,11,29,39,50,Morning,SAFE,11,4,27,18,2,🚨 Major delay: Your waste collection ETA has increased by 16 minutes.,1,0,Other Operational Delay
C0764,V005,R05,Zone E,1.6,High,30,Normal,0,3,3,7,40,38,50,Evening,SAFE,7,0,37,33,3,🚨 Major delay: Your waste collection ETA has increased by 30 minutes.,1,0,Heavy Traffic
C0765,V002,R05,Zone C,1.97,Medium,8,Normal,0,4,7,8,24,55,50,Afternoon,OVERLOADED,8,3,19,16,5,⚠️ Delay update: Your waste collection ETA has increased by 11 minutes.,1,0,Other Operational Delay
C0766,V004,R01,Zone D,2.13,Medium,10,Normal,0,8,8,13,27,59,50,Afternoon,OVERLOADED,13,0,23,14,4,⚠️ Delay update: Your waste collection ETA has increased by 10 minutes.,1,0,Other Operational Delay
C0767,V002,R01,Zone E,6.56,Medium,6,Normal,0,6,7,20,28,23,50,Afternoon,SAFE,20,1,27,8,1,⚠️ Delay update: Your waste collection ETA has increased by 7 minutes.,0,0,Normal
C0768,V005,R08,Zone A,7.54,Medium,10,Normal,0,8,9,24,40,28,50,Evening,SAFE,24,1,35,16,5,⚠️ Delay update: Your waste collection ETA has increased by 11 minutes.,1,0,Other Operational Delay
C0769,V005,R08,Zone E,5.53,Low,0,Normal,0,3,7,15,25,60,50,Evening,OVERLOADED,15,4,19,10,6,ℹ️ ETA updated by 4 minutes.,0,0,Normal
C0770,V001,R06,Zone C,8.38,Medium,5,Normal,0,7,11,24,37,41,50,Morning,SAFE,24,4,33,13,4,⚠️ Delay update: Your waste collection ETA has increased by 9 minutes.,1,0,Other Operational Delay
C0771,V005,R04,Zone B,9.92,Medium,6,Normal,0,4,12,24,38,37,50,Afternoon,SAFE,24,8,38,14,0,⚠️ Delay update: Your waste collection ETA has increased by 14 minutes.,1,0,Long Collection Time
C0772,V001,R02,Zone B,8.29,High,29,Blocked,12,4,5,21,69,31,50,Evening,SAFE,21,1,63,48,6,🚨 Major delay: Your waste collection ETA has increased by 42 minutes.,1,0,Heavy Traffic
C0773,V004,R02,Zone E,7.1,Medium,5,Normal,0,8,9,23,34,58,50,Morning,OVERLOADED,23,1,29,11,5,⚠️ Delay update: Your waste collection ETA has increased by 6 minutes.,1,0,Other Operational Delay
C0774,V002,R09,Zone B,5.56,Medium,5,Normal,0,7,6,19,25,28,50,Afternoon,SAFE,19,-1,23,6,2,ℹ️ ETA updated by 4 minutes.,0,0,Normal
C0775,V002,R05,Zone E,4.76,Medium,5,Normal,0,7,12,17,30,25,50,Evening,SAFE,17,5,27,13,3,⚠️ Delay update: Your waste collection ETA has increased by 10 minutes.,1,0,Long Collection Time
C0776,V001,R04,Zone C,1.3,Medium,7,Normal,0,3,9,6,23,38,50,Evening,SAFE,6,6,19,17,4,⚠️ Delay update: Your waste collection ETA has increased by 13 minutes.,1,0,Long Collection Time
C0777,V002,R10,Zone B,4.29,Medium,4,Normal,0,8,8,17,24,26,50,Morning,SAFE,17,0,21,7,3,ℹ️ ETA updated by 4 minutes.,0,0,Normal
C0778,V005,R01,Zone A,9.15,Low,3,Normal,0,8,10,27,38,35,50,Afternoon,SAFE,27,2,32,11,6,⚠️ Delay update: Your waste collection ETA has increased by 5 minutes.,1,0,Other Operational Delay
C0779,V003,R07,Zone E,8.18,Medium,9,Normal,0,5,13,22,43,24,50,Afternoon,SAFE,22,8,39,21,4,🚨 Major delay: Your waste collection ETA has increased by 17 minutes.,1,0,Long Collection Time
C0780,V001,R03,Zone B,2.55,High,16,Changed,6,8,13,14,48,35,50,Evening,SAFE,14,5,41,34,7,🚨 Major delay: Your waste collection ETA has increased by 27 minutes.,1,0,Heavy Traffic
C0781,V002,R06,Zone C,4.93,Medium,8,Normal,0,4,10,14,35,20,50,Afternoon,SAFE,14,6,28,21,7,⚠️ Delay update: Your waste collection ETA has increased by 14 minutes.,1,0,Long Collection Time
C0782,V001,R05,Zone C,8.26,Low,2,Normal,0,3,2,20,26,56,50,Morning,OVERLOADED,20,-1,21,6,5,ℹ️ ETA updated by 1 minutes.,0,0,Normal
C0783,V001,R05,Zone A,1.14,Medium,6,Changed,4,7,9,10,22,58,50,Evening,OVERLOADED,10,2,22,12,0,⚠️ Delay update: Your waste collection ETA has increased by 12 minutes.,1,0,Other Operational Delay
C0784,V003,R05,Zone C,4.18,High,10,Normal,0,8,12,17,38,38,50,Evening,SAFE,17,4,31,21,7,⚠️ Delay update: Your waste collection ETA has increased by 14 minutes.,1,0,Other Operational Delay
C0785,V005,R01,Zone C,8.59,Low,2,Normal,0,3,4,21,31,56,50,Morning,OVERLOADED,21,1,24,10,7,ℹ️ ETA updated by 3 minutes.,0,0,Normal
C0786,V001,R01,Zone B,4.34,Medium,10,Normal,0,8,11,17,31,36,50,Evening,SAFE,17,3,30,14,1,⚠️ Delay update: Your waste collection ETA has increased by 13 minutes.,1,0,Other Operational Delay
C0787,V002,R03,Zone E,1.24,High,30,Normal,0,7,15,10,51,45,50,Afternoon,SAFE,10,8,48,41,3,🚨 Major delay: Your waste collection ETA has increased by 38 minutes.,1,0,Heavy Traffic
C0788,V004,R10,Zone D,5.65,Medium,7,Normal,0,6,13,18,35,41,50,Afternoon,SAFE,18,7,32,17,3,⚠️ Delay update: Your waste collection ETA has increased by 14 minutes.,1,0,Long Collection Time
C0789,V001,R04,Zone C,8.69,High,16,Normal,0,7,8,25,49,27,50,Evening,SAFE,25,1,42,24,7,🚨 Major delay: Your waste collection ETA has increased by 17 minutes.,1,0,Heavy Traffic
C0790,V001,R05,Zone C,6.11,Medium,5,Normal,0,7,10,20,29,52,50,Morning,OVERLOADED,20,3,28,9,1,⚠️ Delay update: Your waste collection ETA has increased by 8 minutes.,0,0,Normal
C0791,V003,R02,Zone D,2.65,Medium,10,Normal,0,7,13,13,32,21,50,Morning,SAFE,13,6,29,19,3,🚨 Major delay: Your waste collection ETA has increased by 16 minutes.,1,0,Long Collection Time
C0792,V005,R08,Zone C,4.15,Medium,5,Changed,5,8,12,17,34,49,50,Afternoon,SAFE,17,4,31,17,3,⚠️ Delay update: Your waste collection ETA has increased by 14 minutes.,1,0,Other Operational Delay
C0793,V004,R02,Zone B,4.78,Low,3,Normal,0,5,7,15,24,39,50,Morning,SAFE,15,2,20,9,4,⚠️ Delay update: Your waste collection ETA has increased by 5 minutes.,0,0,Normal
C0794,V002,R09,Zone B,6.0,Low,2,Normal,0,7,13,19,31,37,50,Evening,SAFE,19,6,27,12,4,⚠️ Delay update: Your waste collection ETA has increased by 8 minutes.,1,0,Long Collection Time
C0795,V004,R02,Zone D,7.71,Medium,4,Changed,6,4,5,20,32,29,50,Evening,SAFE,20,1,31,12,1,⚠️ Delay update: Your waste collection ETA has increased by 11 minutes.,1,0,Other Operational Delay
C0796,V002,R09,Zone C,1.44,Low,0,Normal,0,4,5,7,14,43,50,Afternoon,SAFE,7,1,8,7,6,ℹ️ ETA updated by 1 minutes.,0,0,Normal
C0797,V005,R07,Zone C,8.95,Medium,6,Normal,0,3,5,21,29,23,50,Afternoon,SAFE,21,2,29,8,0,⚠️ Delay update: Your waste collection ETA has increased by 8 minutes.,0,0,Normal
C0798,V002,R08,Zone E,0.62,High,10,Normal,0,5,12,7,29,56,50,Afternoon,OVERLOADED,7,7,24,22,5,🚨 Major delay: Your waste collection ETA has increased by 17 minutes.,1,0,Long Collection Time
C0799,V003,R02,Zone C,4.02,High,24,Normal,0,3,6,12,46,23,50,Morning,SAFE,12,3,39,34,7,🚨 Major delay: Your waste collection ETA has increased by 27 minutes.,1,0,Heavy Traffic
C0800,V003,R07,Zone B,0.76,Medium,7,Normal,0,4,10,6,26,32,50,Evening,SAFE,6,6,19,20,7,⚠️ Delay update: Your waste collection ETA has increased by 13 minutes.,1,0,Long Collection Time
C0801,V003,R06,Zone A,4.23,High,30,Normal,0,4,8,13,52,44,50,Evening,SAFE,13,4,47,39,5,🚨 Major delay: Your waste collection ETA has increased by 34 minutes.,1,0,Heavy Traffic
C0802,V003,R04,Zone A,5.5,Medium,5,Blocked,14,6,7,17,44,32,50,Evening,SAFE,17,1,37,27,7,🚨 Major delay: Your waste collection ETA has increased by 20 minutes.,1,0,Route Change / Blockage
C0803,V004,R07,Zone A,5.36,Medium,10,Changed,3,7,13,18,44,37,50,Afternoon,SAFE,18,6,37,26,7,🚨 Major delay: Your waste collection ETA has increased by 19 minutes.,1,0,Long Collection Time
C0804,V005,R04,Zone A,2.07,Low,1,Changed,5,4,11,9,28,43,50,Evening,SAFE,9,7,22,19,6,⚠️ Delay update: Your waste collection ETA has increased by 13 minutes.,1,0,Long Collection Time
C0805,V002,R02,Zone C,6.63,Medium,5,Changed,3,8,14,22,39,21,50,Morning,SAFE,22,6,36,17,3,⚠️ Delay update: Your waste collection ETA has increased by 14 minutes.,1,0,Long Collection Time
C0806,V002,R10,Zone C,0.93,Medium,7,Normal,0,8,10,10,19,52,50,Morning,OVERLOADED,10,2,19,9,0,⚠️ Delay update: Your waste collection ETA has increased by 9 minutes.,0,0,Normal
C0807,V003,R07,Zone E,7.74,Medium,7,Normal,0,3,7,19,37,38,50,Evening,SAFE,19,4,30,18,7,⚠️ Delay update: Your waste collection ETA has increased by 11 minutes.,1,0,Other Operational Delay
C0808,V003,R08,Zone C,9.49,Medium,6,Changed,3,3,2,22,31,28,50,Afternoon,SAFE,22,-1,30,9,1,⚠️ Delay update: Your waste collection ETA has increased by 8 minutes.,0,0,Normal
C0809,V001,R02,Zone A,3.73,Low,1,Normal,0,7,9,15,24,47,50,Evening,SAFE,15,2,18,9,6,ℹ️ ETA updated by 3 minutes.,0,0,Normal
C0810,V005,R05,Zone D,5.41,Medium,6,Blocked,11,7,13,18,48,54,50,Morning,OVERLOADED,18,6,41,30,7,🚨 Major delay: Your waste collection ETA has increased by 23 minutes.,1,0,Route Change / Blockage
C0811,V004,R01,Zone D,4.1,High,17,Normal,0,6,5,15,32,58,50,Morning,OVERLOADED,15,-1,31,17,1,🚨 Major delay: Your waste collection ETA has increased by 16 minutes.,1,0,Heavy Traffic
C0812,V002,R07,Zone B,0.56,Medium,5,Normal,0,5,6,7,17,29,50,Morning,SAFE,7,1,13,10,4,⚠️ Delay update: Your waste collection ETA has increased by 6 minutes.,0,0,Normal
C0813,V001,R08,Zone B,4.17,High,20,Normal,0,3,2,12,34,20,50,Evening,SAFE,12,-1,31,22,3,🚨 Major delay: Your waste collection ETA has increased by 19 minutes.,1,0,Heavy Traffic
C0814,V001,R06,Zone C,8.02,High,20,Blocked,14,7,14,24,67,40,50,Morning,SAFE,24,7,65,43,2,🚨 Major delay: Your waste collection ETA has increased by 41 minutes.,1,0,Heavy Traffic
C0815,V002,R05,Zone D,6.16,High,22,Normal,0,3,3,16,45,28,50,Afternoon,SAFE,16,0,38,29,7,🚨 Major delay: Your waste collection ETA has increased by 22 minutes.,1,0,Heavy Traffic
C0816,V004,R06,Zone A,1.46,High,12,Normal,0,7,14,10,30,34,50,Evening,SAFE,10,7,29,20,1,🚨 Major delay: Your waste collection ETA has increased by 19 minutes.,1,0,Long Collection Time
C0817,V001,R02,Zone A,8.55,High,21,Normal,0,4,6,22,51,54,50,Evening,OVERLOADED,22,2,45,29,6,🚨 Major delay: Your waste collection ETA has increased by 23 minutes.,1,0,Heavy Traffic
C0818,V001,R01,Zone A,5.55,Medium,6,Normal,0,3,3,15,24,24,50,Morning,SAFE,15,0,21,9,3,⚠️ Delay update: Your waste collection ETA has increased by 6 minutes.,0,0,Normal
C0819,V005,R07,Zone C,8.5,Low,1,Normal,0,4,6,21,24,60,50,Morning,OVERLOADED,21,2,24,3,0,ℹ️ ETA updated by 3 minutes.,0,0,Normal
C0820,V004,R07,Zone C,6.01,Medium,6,Normal,0,3,11,16,36,41,50,Afternoon,SAFE,16,8,30,20,6,⚠️ Delay update: Your waste collection ETA has increased by 14 minutes.,1,0,Long Collection Time
C0821,V001,R10,Zone E,5.82,Medium,4,Normal,0,5,9,17,29,60,50,Evening,OVERLOADED,17,4,25,12,4,⚠️ Delay update: Your waste collection ETA has increased by 8 minutes.,1,0,Other Operational Delay
C0822,V004,R10,Zone A,1.5,Low,1,Normal,0,6,11,9,20,42,50,Morning,SAFE,9,5,15,11,5,⚠️ Delay update: Your waste collection ETA has increased by 6 minutes.,1,0,Long Collection Time
C0823,V002,R02,Zone A,2.09,Low,1,Normal,0,8,9,13,22,26,50,Afternoon,SAFE,13,1,15,9,7,ℹ️ ETA updated by 2 minutes.,0,0,Normal
C0824,V003,R02,Zone C,9.73,High,26,Normal,0,8,9,28,55,42,50,Morning,SAFE,28,1,55,27,0,🚨 Major delay: Your waste collection ETA has increased by 27 minutes.,1,0,Heavy Traffic
C0825,V001,R01,Zone C,2.67,High,25,Normal,0,8,16,14,48,44,50,Evening,SAFE,14,8,47,34,1,🚨 Major delay: Your waste collection ETA has increased by 33 minutes.,1,0,Heavy Traffic
C0826,V005,R10,Zone E,9.79,High,11,Normal,0,4,10,24,48,46,50,Morning,SAFE,24,6,41,24,7,🚨 Major delay: Your waste collection ETA has increased by 17 minutes.,1,0,Long Collection Time
C0827,V002,R08,Zone E,5.55,Medium,7,Blocked,15,7,10,19,45,60,50,Evening,OVERLOADED,19,3,44,26,1,🚨 Major delay: Your waste collection ETA has increased by 25 minutes.,1,0,Route Change / Blockage
C0828,V004,R08,Zone B,1.79,Low,1,Normal,0,8,10,12,15,25,50,Morning,SAFE,12,2,15,3,0,ℹ️ ETA updated by 3 minutes.,0,0,Normal
C0829,V002,R01,Zone D,1.44,Low,1,Normal,0,5,10,8,15,53,50,Evening,OVERLOADED,8,5,14,7,1,⚠️ Delay update: Your waste collection ETA has increased by 6 minutes.,0,0,Long Collection Time
C0830,V001,R08,Zone A,2.48,Low,3,Normal,0,8,13,13,27,28,50,Afternoon,SAFE,13,5,21,14,6,⚠️ Delay update: Your waste collection ETA has increased by 8 minutes.,1,0,Long Collection Time
C0831,V004,R09,Zone A,9.29,Low,1,Normal,0,3,10,22,33,52,50,Evening,OVERLOADED,22,7,30,11,3,⚠️ Delay update: Your waste collection ETA has increased by 8 minutes.,1,0,Long Collection Time
C0832,V003,R04,Zone E,4.43,Low,3,Normal,0,4,11,13,24,25,50,Afternoon,SAFE,13,7,23,11,1,⚠️ Delay update: Your waste collection ETA has increased by 10 minutes.,1,0,Long Collection Time
C0833,V002,R01,Zone E,4.26,High,19,Normal,0,3,6,12,38,56,50,Evening,OVERLOADED,12,3,34,26,4,🚨 Major delay: Your waste collection ETA has increased by 22 minutes.,1,0,Heavy Traffic
C0834,V001,R01,Zone B,3.48,Medium,7,Normal,0,3,9,10,26,50,50,Afternoon,SAFE,10,6,23,16,3,⚠️ Delay update: Your waste collection ETA has increased by 13 minutes.,1,0,Long Collection Time
C0835,V005,R03,Zone D,1.9,Low,1,Normal,0,3,11,7,22,53,50,Morning,OVERLOADED,7,8,16,15,6,⚠️ Delay update: Your waste collection ETA has increased by 9 minutes.,1,0,Long Collection Time
C0836,V004,R05,Zone B,5.13,Low,3,Normal,0,6,5,17,26,60,50,Evening,OVERLOADED,17,-1,19,9,7,ℹ️ ETA updated by 2 minutes.,0,0,Normal
C0837,V002,R05,Zone D,1.74,Medium,4,Normal,0,6,13,10,23,48,50,Morning,SAFE,10,7,21,13,2,⚠️ Delay update: Your waste collection ETA has increased by 11 minutes.,1,0,Long Collection Time
C0838,V002,R09,Zone A,8.44,Low,0,Normal,0,7,13,24,37,33,50,Afternoon,SAFE,24,6,30,13,7,⚠️ Delay update: Your waste collection ETA has increased by 6 minutes.,1,0,Long Collection Time
C0839,V003,R10,Zone B,4.02,High,18,Normal,0,4,8,13,36,55,50,Evening,OVERLOADED,13,4,35,23,1,🚨 Major delay: Your waste collection ETA has increased by 22 minutes.,1,0,Heavy Traffic
C0840,V003,R02,Zone E,4.06,Medium,9,Normal,0,5,6,14,25,55,50,Evening,OVERLOADED,14,1,24,11,1,⚠️ Delay update: Your waste collection ETA has increased by 10 minutes.,1,0,Other Operational Delay
C0841,V005,R02,Zone B,5.0,Medium,5,Changed,8,5,6,15,33,34,50,Morning,SAFE,15,1,29,18,4,⚠️ Delay update: Your waste collection ETA has increased by 14 minutes.,1,0,Route Change / Blockage
C0842,V005,R06,Zone B,4.72,Low,2,Normal,0,5,11,15,29,27,50,Evening,SAFE,15,6,23,14,6,⚠️ Delay update: Your waste collection ETA has increased by 8 minutes.,1,0,Long Collection Time
C0843,V001,R09,Zone A,9.95,Low,0,Normal,0,3,6,23,30,45,50,Evening,SAFE,23,3,26,7,4,ℹ️ ETA updated by 3 minutes.,0,0,Normal
C0844,V001,R01,Zone E,5.68,Medium,9,Normal,0,6,14,18,40,55,50,Morning,OVERLOADED,18,8,35,22,5,🚨 Major delay: Your waste collection ETA has increased by 17 minutes.,1,0,Long Collection Time
C0845,V005,R09,Zone E,1.34,Medium,8,Changed,7,4,9,7,33,40,50,Evening,SAFE,7,5,27,26,6,🚨 Major delay: Your waste collection ETA has increased by 20 minutes.,1,0,Long Collection Time
C0846,V005,R09,Zone C,6.27,Medium,9,Normal,0,3,6,16,28,47,50,Morning,SAFE,16,3,28,12,0,⚠️ Delay update: Your waste collection ETA has increased by 12 minutes.,1,0,Other Operational Delay
C0847,V004,R09,Zone C,1.94,Low,0,Normal,0,6,12,10,16,23,50,Morning,SAFE,10,6,16,6,0,⚠️ Delay update: Your waste collection ETA has increased by 6 minutes.,0,0,Long Collection Time
C0848,V003,R05,Zone C,0.79,Medium,7,Normal,0,6,14,8,23,35,50,Morning,SAFE,8,8,23,15,0,🚨 Major delay: Your waste collection ETA has increased by 15 minutes.,1,0,Long Collection Time
C0849,V001,R09,Zone A,9.72,Medium,5,Blocked,9,8,16,28,54,41,50,Morning,SAFE,28,8,50,26,4,🚨 Major delay: Your waste collection ETA has increased by 22 minutes.,1,0,Route Change / Blockage
C0850,V003,R04,Zone B,7.85,High,20,Changed,3,8,10,24,49,31,50,Morning,SAFE,24,2,49,25,0,🚨 Major delay: Your waste collection ETA has increased by 25 minutes.,1,0,Heavy Traffic
C0851,V003,R02,Zone E,9.81,Low,2,Changed,4,4,4,24,36,35,50,Afternoon,SAFE,24,0,30,12,6,⚠️ Delay update: Your waste collection ETA has increased by 6 minutes.,1,0,Other Operational Delay
C0852,V005,R06,Zone E,5.04,Low,0,Normal,0,4,5,15,16,59,50,Afternoon,OVERLOADED,15,1,16,1,0,ℹ️ ETA updated by 1 minutes.,0,0,Normal
C0853,V004,R04,Zone B,5.56,Medium,5,Normal,0,4,10,16,29,57,50,Morning,OVERLOADED,16,6,27,13,2,⚠️ Delay update: Your waste collection ETA has increased by 11 minutes.,1,0,Long Collection Time
C0854,V002,R06,Zone E,2.1,Medium,5,Normal,0,3,8,8,18,56,50,Afternoon,OVERLOADED,8,5,18,10,0,⚠️ Delay update: Your waste collection ETA has increased by 10 minutes.,0,0,Long Collection Time
C0855,V004,R03,Zone B,2.85,Medium,4,Normal,0,7,7,13,18,48,50,Afternoon,SAFE,13,0,17,5,1,ℹ️ ETA updated by 4 minutes.,0,0,Normal
C0856,V004,R06,Zone A,8.47,Medium,5,Changed,8,4,8,21,43,37,50,Evening,SAFE,21,4,38,22,5,🚨 Major delay: Your waste collection ETA has increased by 17 minutes.,1,0,Route Change / Blockage
C0857,V003,R02,Zone A,3.88,Medium,7,Normal,0,8,15,16,34,29,50,Morning,SAFE,16,7,30,18,4,⚠️ Delay update: Your waste collection ETA has increased by 14 minutes.,1,0,Long Collection Time
C0858,V004,R02,Zone A,8.35,High,17,Normal,0,7,9,24,46,58,50,Afternoon,OVERLOADED,24,2,43,22,3,🚨 Major delay: Your waste collection ETA has increased by 19 minutes.,1,0,Heavy Traffic
C0859,V001,R09,Zone B,7.24,Medium,4,Normal,0,3,10,18,34,37,50,Evening,SAFE,18,7,29,16,5,⚠️ Delay update: Your waste collection ETA has increased by 11 minutes.,1,0,Long Collection Time
C0860,V003,R07,Zone B,2.18,High,21,Normal,0,7,7,12,35,20,50,Evening,SAFE,12,0,33,23,2,🚨 Major delay: Your waste collection ETA has increased by 21 minutes.,1,0,Heavy Traffic
C0861,V001,R03,Zone D,5.32,Medium,5,Normal,0,5,5,16,25,58,50,Morning,OVERLOADED,16,0,21,9,4,⚠️ Delay update: Your waste collection ETA has increased by 5 minutes.,0,0,Normal
C0862,V002,R01,Zone E,6.94,High,18,Normal,0,7,14,21,52,40,50,Morning,SAFE,21,7,46,31,6,🚨 Major delay: Your waste collection ETA has increased by 25 minutes.,1,0,Heavy Traffic
C0863,V003,R08,Zone E,2.73,High,19,Normal,0,4,9,10,41,20,50,Evening,SAFE,10,5,34,31,7,🚨 Major delay: Your waste collection ETA has increased by 24 minutes.,1,0,Heavy Traffic
C0864,V002,R06,Zone D,8.39,Low,3,Normal,0,3,8,20,32,34,50,Morning,SAFE,20,5,28,12,4,⚠️ Delay update: Your waste collection ETA has increased by 8 minutes.,1,0,Long Collection Time
C0865,V003,R07,Zone D,5.68,High,11,Normal,0,4,3,16,27,23,50,Morning,SAFE,16,-1,26,11,1,⚠️ Delay update: Your waste collection ETA has increased by 10 minutes.,1,0,Other Operational Delay
C0866,V005,R09,Zone A,2.07,Low,3,Normal,0,8,12,13,26,39,50,Evening,SAFE,13,4,20,13,6,⚠️ Delay update: Your waste collection ETA has increased by 7 minutes.,1,0,Other Operational Delay
C0867,V004,R05,Zone D,6.04,High,29,Normal,0,5,10,18,57,29,50,Evening,SAFE,18,5,52,39,5,🚨 Major delay: Your waste collection ETA has increased by 34 minutes.,1,0,Heavy Traffic
C0868,V005,R01,Zone B,10.0,Medium,10,Normal,0,8,12,28,47,42,50,Morning,SAFE,28,4,42,19,5,⚠️ Delay update: Your waste collection ETA has increased by 14 minutes.,1,0,Other Operational Delay
C0869,V002,R10,Zone C,1.93,Low,3,Normal,0,4,8,8,15,60,50,Afternoon,OVERLOADED,8,4,15,7,0,⚠️ Delay update: Your waste collection ETA has increased by 7 minutes.,0,0,Normal
C0870,V004,R07,Zone B,8.26,Medium,5,Normal,0,4,4,21,32,53,50,Morning,OVERLOADED,21,0,26,11,6,⚠️ Delay update: Your waste collection ETA has increased by 5 minutes.,1,0,Other Operational Delay
C0871,V003,R05,Zone D,2.47,High,10,Normal,0,4,8,9,30,52,50,Afternoon,OVERLOADED,9,4,23,21,7,⚠️ Delay update: Your waste collection ETA has increased by 14 minutes.,1,0,Other Operational Delay
C0872,V004,R03,Zone E,7.93,Low,2,Normal,0,6,8,22,27,53,50,Evening,OVERLOADED,22,2,26,5,1,ℹ️ ETA updated by 4 minutes.,0,0,Normal
C0873,V001,R09,Zone B,7.48,Medium,7,Blocked,10,5,12,20,44,58,50,Afternoon,OVERLOADED,20,7,44,24,0,🚨 Major delay: Your waste collection ETA has increased by 24 minutes.,1,0,Route Change / Blockage
C0874,V004,R01,Zone E,3.35,Medium,7,Changed,4,4,3,11,21,29,50,Evening,SAFE,11,-1,21,10,0,⚠️ Delay update: Your waste collection ETA has increased by 10 minutes.,0,0,Normal
C0875,V001,R01,Zone B,3.6,High,11,Changed,6,4,10,12,42,39,50,Morning,SAFE,12,6,35,30,7,🚨 Major delay: Your waste collection ETA has increased by 23 minutes.,1,0,Long Collection Time
C0876,V004,R01,Zone E,8.03,Medium,10,Normal,0,8,11,25,42,20,50,Morning,SAFE,25,3,38,17,4,⚠️ Delay update: Your waste collection ETA has increased by 13 minutes.,1,0,Other Operational Delay
C0877,V001,R03,Zone B,4.88,Low,0,Changed,7,8,7,18,29,32,50,Evening,SAFE,18,-1,24,11,5,⚠️ Delay update: Your waste collection ETA has increased by 6 minutes.,1,0,Other Operational Delay
C0878,V002,R06,Zone E,7.44,Low,1,Changed,7,4,6,19,29,20,50,Evening,SAFE,19,2,29,10,0,⚠️ Delay update: Your waste collection ETA has increased by 10 minutes.,0,0,Normal
C0879,V005,R10,Zone C,1.91,Medium,5,Changed,6,3,2,7,19,24,50,Evening,SAFE,7,-1,17,12,2,⚠️ Delay update: Your waste collection ETA has increased by 10 minutes.,1,0,Other Operational Delay
C0880,V003,R03,Zone A,8.6,Medium,8,Normal,0,6,10,24,38,35,50,Morning,SAFE,24,4,36,14,2,⚠️ Delay update: Your waste collection ETA has increased by 12 minutes.,1,0,Other Operational Delay
C0881,V004,R08,Zone B,7.25,High,24,Normal,0,8,8,23,52,34,50,Morning,SAFE,23,0,47,29,5,🚨 Major delay: Your waste collection ETA has increased by 24 minutes.,1,0,Heavy Traffic
C0882,V005,R10,Zone C,9.12,Low,3,Blocked,13,3,6,22,43,47,50,Afternoon,SAFE,22,3,41,21,2,🚨 Major delay: Your waste collection ETA has increased by 19 minutes.,1,0,Route Change / Blockage
C0883,V003,R02,Zone A,1.76,Medium,8,Normal,0,6,11,10,30,50,50,Evening,SAFE,10,5,23,20,7,⚠️ Delay update: Your waste collection ETA has increased by 13 minutes.,1,0,Long Collection Time
C0884,V003,R09,Zone B,6.13,Low,3,Normal,0,4,4,17,24,42,50,Afternoon,SAFE,17,0,20,7,4,ℹ️ ETA updated by 3 minutes.,0,0,Normal
C0885,V001,R03,Zone C,6.19,Low,3,Changed,4,5,9,18,30,36,50,Morning,SAFE,18,4,29,12,1,⚠️ Delay update: Your waste collection ETA has increased by 11 minutes.,1,0,Other Operational Delay
C0886,V002,R05,Zone C,3.86,Medium,8,Normal,0,7,11,15,30,53,50,Afternoon,OVERLOADED,15,4,27,15,3,⚠️ Delay update: Your waste collection ETA has increased by 12 minutes.,1,0,Other Operational Delay
C0887,V002,R10,Zone C,4.86,Medium,10,Normal,0,7,10,17,30,32,50,Afternoon,SAFE,17,3,30,13,0,⚠️ Delay update: Your waste collection ETA has increased by 13 minutes.,1,0,Other Operational Delay
C0888,V005,R08,Zone D,0.86,Medium,8,Normal,0,4,7,6,20,33,50,Morning,SAFE,6,3,17,14,3,⚠️ Delay update: Your waste collection ETA has increased by 11 minutes.,1,0,Other Operational Delay
C0889,V002,R02,Zone E,7.59,High,19,Changed,4,8,9,24,49,30,50,Morning,SAFE,24,1,48,25,1,🚨 Major delay: Your waste collection ETA has increased by 24 minutes.,1,0,Heavy Traffic
C0890,V004,R06,Zone A,5.72,Medium,9,Normal,0,3,11,15,33,47,50,Evening,SAFE,15,8,32,18,1,🚨 Major delay: Your waste collection ETA has increased by 17 minutes.,1,0,Long Collection Time
C0891,V002,R05,Zone E,1.05,High,23,Normal,0,5,13,8,46,51,50,Afternoon,OVERLOADED,8,8,39,38,7,🚨 Major delay: Your waste collection ETA has increased by 31 minutes.,1,0,Heavy Traffic
C0892,V005,R10,Zone E,6.97,High,14,Normal,0,6,6,20,38,54,50,Morning,OVERLOADED,20,0,34,18,4,⚠️ Delay update: Your waste collection ETA has increased by 14 minutes.,1,0,Other Operational Delay
C0893,V002,R09,Zone E,4.93,Medium,5,Normal,0,4,9,14,26,50,50,Morning,SAFE,14,5,24,12,2,⚠️ Delay update: Your waste collection ETA has increased by 10 minutes.,1,0,Long Collection Time
C0894,V004,R05,Zone C,0.83,High,23,Normal,0,5,4,7,31,36,50,Afternoon,SAFE,7,-1,29,24,2,🚨 Major delay: Your waste collection ETA has increased by 22 minutes.,1,0,Heavy Traffic
C0895,V001,R02,Zone E,9.71,Medium,5,Changed,3,5,9,25,44,28,50,Morning,SAFE,25,4,37,19,7,⚠️ Delay update: Your waste collection ETA has increased by 12 minutes.,1,0,Other Operational Delay
C0896,V005,R05,Zone D,9.52,Low,3,Changed,8,8,12,28,44,29,50,Evening,SAFE,28,4,43,16,1,🚨 Major delay: Your waste collection ETA has increased by 15 minutes.,1,0,Route Change / Blockage
C0897,V001,R04,Zone B,5.37,Medium,5,Normal,0,6,7,17,27,27,50,Evening,SAFE,17,1,23,10,4,⚠️ Delay update: Your waste collection ETA has increased by 6 minutes.,0,0,Normal
C0898,V001,R07,Zone C,1.39,Low,3,Normal,0,5,5,8,15,40,50,Afternoon,SAFE,8,0,11,7,4,ℹ️ ETA updated by 3 minutes.,0,0,Normal
C0899,V001,R06,Zone A,7.67,Medium,9,Normal,0,8,8,24,38,32,50,Evening,SAFE,24,0,33,14,5,⚠️ Delay update: Your waste collection ETA has increased by 9 minutes.,1,0,Other Operational Delay
C0900,V003,R02,Zone B,5.17,Medium,9,Normal,0,3,10,14,36,24,50,Morning,SAFE,14,7,30,22,6,🚨 Major delay: Your waste collection ETA has increased by 16 minutes.,1,0,Long Collection Time
C0901,V003,R05,Zone B,3.37,Low,3,Normal,0,8,11,15,21,25,50,Morning,SAFE,15,3,21,6,0,⚠️ Delay update: Your waste collection ETA has increased by 6 minutes.,0,0,Normal
C0902,V001,R07,Zone B,5.17,Low,0,Changed,8,3,8,14,34,49,50,Morning,SAFE,14,5,27,20,7,⚠️ Delay update: Your waste collection ETA has increased by 13 minutes.,1,0,Route Change / Blockage
C0903,V005,R07,Zone E,5.46,High,13,Changed,8,3,6,14,44,50,50,Morning,SAFE,14,3,38,30,6,🚨 Major delay: Your waste collection ETA has increased by 24 minutes.,1,0,Route Change / Blockage
C0904,V004,R05,Zone E,5.85,Medium,9,Normal,0,5,10,17,38,36,50,Afternoon,SAFE,17,5,31,21,7,⚠️ Delay update: Your waste collection ETA has increased by 14 minutes.,1,0,Long Collection Time
C0905,V004,R09,Zone C,4.69,Low,1,Normal,0,8,10,18,23,30,50,Evening,SAFE,18,2,21,5,2,ℹ️ ETA updated by 3 minutes.,0,0,Normal
C0906,V002,R04,Zone E,6.25,Medium,10,Normal,0,3,9,16,33,39,50,Evening,SAFE,16,6,32,17,1,🚨 Major delay: Your waste collection ETA has increased by 16 minutes.,1,0,Long Collection Time
C0907,V005,R03,Zone E,9.23,Medium,8,Normal,0,6,14,25,48,28,50,Morning,SAFE,25,8,41,23,7,🚨 Major delay: Your waste collection ETA has increased by 16 minutes.,1,0,Long Collection Time
C0908,V003,R04,Zone E,3.94,Medium,7,Normal,0,5,13,13,35,21,50,Afternoon,SAFE,13,8,28,22,7,🚨 Major delay: Your waste collection ETA has increased by 15 minutes.,1,0,Long Collection Time
C0909,V001,R05,Zone C,7.39,High,10,Changed,7,8,13,23,50,56,50,Morning,OVERLOADED,23,5,45,27,5,🚨 Major delay: Your waste collection ETA has increased by 22 minutes.,1,0,Long Collection Time
C0910,V002,R06,Zone C,9.0,Medium,8,Changed,7,8,16,26,52,20,50,Morning,SAFE,26,8,49,26,3,🚨 Major delay: Your waste collection ETA has increased by 23 minutes.,1,0,Long Collection Time
C0911,V004,R03,Zone D,4.83,Low,3,Normal,0,7,10,17,25,23,50,Afternoon,SAFE,17,3,23,8,2,⚠️ Delay update: Your waste collection ETA has increased by 6 minutes.,0,0,Normal
C0912,V003,R02,Zone D,4.71,High,29,Changed,3,8,12,18,54,55,50,Afternoon,OVERLOADED,18,4,54,36,0,🚨 Major delay: Your waste collection ETA has increased by 36 minutes.,1,0,Heavy Traffic
C0913,V003,R04,Zone D,6.22,High,27,Normal,0,5,8,18,52,44,50,Morning,SAFE,18,3,48,34,4,🚨 Major delay: Your waste collection ETA has increased by 30 minutes.,1,0,Heavy Traffic
C0914,V001,R05,Zone D,6.12,Low,1,Normal,0,6,11,19,26,22,50,Evening,SAFE,19,5,25,7,1,⚠️ Delay update: Your waste collection ETA has increased by 6 minutes.,0,0,Long Collection Time
C0915,V004,R04,Zone B,8.16,Low,2,Normal,0,8,8,25,29,28,50,Morning,SAFE,25,0,27,4,2,ℹ️ ETA updated by 2 minutes.,0,0,Normal
C0916,V005,R03,Zone B,5.03,Low,2,Normal,0,7,10,18,26,41,50,Evening,SAFE,18,3,23,8,3,⚠️ Delay update: Your waste collection ETA has increased by 5 minutes.,0,0,Normal
C0917,V003,R08,Zone D,9.96,Medium,8,Changed,5,5,13,25,53,42,50,Evening,SAFE,25,8,46,28,7,🚨 Major delay: Your waste collection ETA has increased by 21 minutes.,1,0,Long Collection Time
C0918,V001,R10,Zone D,1.06,Medium,6,Normal,0,3,4,6,13,31,50,Afternoon,SAFE,6,1,13,7,0,⚠️ Delay update: Your waste collection ETA has increased by 7 minutes.,0,0,Normal
C0919,V005,R04,Zone A,0.53,Medium,6,Normal,0,4,11,6,26,29,50,Afternoon,SAFE,6,7,19,20,7,⚠️ Delay update: Your waste collection ETA has increased by 13 minutes.,1,0,Long Collection Time
C0920,V004,R02,Zone B,6.58,High,14,Normal,0,4,8,18,36,53,50,Morning,OVERLOADED,18,4,36,18,0,🚨 Major delay: Your waste collection ETA has increased by 18 minutes.,1,0,Other Operational Delay
C0921,V003,R02,Zone A,3.34,Medium,7,Normal,0,3,11,10,30,29,50,Evening,SAFE,10,8,25,20,5,🚨 Major delay: Your waste collection ETA has increased by 15 minutes.,1,0,Long Collection Time
C0922,V005,R01,Zone A,2.78,Low,0,Normal,0,8,9,14,22,49,50,Evening,SAFE,14,1,15,8,7,ℹ️ ETA updated by 1 minutes.,0,0,Normal
C0923,V005,R04,Zone E,3.46,Low,3,Normal,0,4,9,11,21,41,50,Morning,SAFE,11,5,19,10,2,⚠️ Delay update: Your waste collection ETA has increased by 8 minutes.,0,0,Long Collection Time
C0924,V005,R10,Zone C,2.93,Medium,6,Normal,0,4,6,10,21,25,50,Morning,SAFE,10,2,18,11,3,⚠️ Delay update: Your waste collection ETA has increased by 8 minutes.,1,0,Other Operational Delay
C0925,V003,R09,Zone B,0.79,Low,1,Normal,0,3,4,5,7,21,50,Morning,SAFE,5,1,7,2,0,ℹ️ ETA updated by 2 minutes.,0,0,Normal
C0926,V003,R07,Zone D,9.73,Medium,10,Normal,0,8,14,28,45,49,50,Afternoon,SAFE,28,6,44,17,1,🚨 Major delay: Your waste collection ETA has increased by 16 minutes.,1,0,Long Collection Time
C0927,V002,R10,Zone D,2.6,High,23,Normal,0,8,10,14,39,21,50,Morning,SAFE,14,2,39,25,0,🚨 Major delay: Your waste collection ETA has increased by 25 minutes.,1,0,Heavy Traffic
C0928,V004,R07,Zone C,7.47,Low,1,Normal,0,3,2,18,21,51,50,Morning,OVERLOADED,18,-1,18,3,3,✅ Your waste collection is on schedule.,0,0,Normal
C0929,V001,R07,Zone B,7.74,Medium,7,Normal,0,8,12,24,39,35,50,Evening,SAFE,24,4,35,15,4,⚠️ Delay update: Your waste collection ETA has increased by 11 minutes.,1,0,Other Operational Delay
C0930,V005,R08,Zone D,9.33,Medium,4,Changed,3,8,16,27,46,31,50,Morning,SAFE,27,8,42,19,4,🚨 Major delay: Your waste collection ETA has increased by 15 minutes.,1,0,Long Collection Time
C0931,V002,R01,Zone D,0.79,Medium,8,Normal,0,5,4,7,19,20,50,Evening,SAFE,7,-1,14,12,5,⚠️ Delay update: Your waste collection ETA has increased by 7 minutes.,1,0,Other Operational Delay
C0932,V001,R10,Zone E,8.78,Low,2,Normal,0,5,8,23,30,27,50,Evening,SAFE,23,3,28,7,2,⚠️ Delay update: Your waste collection ETA has increased by 5 minutes.,0,0,Normal
C0933,V002,R10,Zone A,5.51,Medium,9,Normal,0,3,8,15,32,32,50,Afternoon,SAFE,15,5,29,17,3,⚠️ Delay update: Your waste collection ETA has increased by 14 minutes.,1,0,Long Collection Time
C0934,V003,R08,Zone D,6.51,Low,0,Normal,0,6,10,20,29,34,50,Morning,SAFE,20,4,24,9,5,ℹ️ ETA updated by 4 minutes.,0,0,Normal
C0935,V005,R04,Zone B,6.62,High,16,Normal,0,4,4,18,40,27,50,Morning,SAFE,18,0,34,22,6,🚨 Major delay: Your waste collection ETA has increased by 16 minutes.,1,0,Heavy Traffic
C0936,V001,R04,Zone C,8.29,Low,1,Normal,0,5,7,22,25,29,50,Evening,SAFE,22,2,25,3,0,ℹ️ ETA updated by 3 minutes.,0,0,Normal
C0937,V001,R04,Zone E,3.67,Medium,10,Normal,0,4,4,12,28,24,50,Afternoon,SAFE,12,0,22,16,6,⚠️ Delay update: Your waste collection ETA has increased by 10 minutes.,1,0,Other Operational Delay
C0938,V001,R06,Zone B,7.46,Medium,7,Normal,0,7,6,22,28,38,50,Afternoon,SAFE,22,-1,28,6,0,⚠️ Delay update: Your waste collection ETA has increased by 6 minutes.,0,0,Normal
C0939,V001,R07,Zone E,5.52,High,26,Normal,0,3,4,15,46,57,50,Morning,OVERLOADED,15,1,42,31,4,🚨 Major delay: Your waste collection ETA has increased by 27 minutes.,1,0,Heavy Traffic
C0940,V001,R06,Zone A,8.04,Low,0,Normal,0,6,7,23,29,30,50,Evening,SAFE,23,1,24,6,5,ℹ️ ETA updated by 1 minutes.,0,0,Normal
C0941,V002,R01,Zone D,9.91,Low,1,Normal,0,7,12,27,37,39,50,Morning,SAFE,27,5,33,10,4,⚠️ Delay update: Your waste collection ETA has increased by 6 minutes.,0,0,Long Collection Time
C0942,V005,R08,Zone B,2.41,Low,2,Normal,0,7,6,12,14,39,50,Morning,SAFE,12,-1,13,2,1,ℹ️ ETA updated by 1 minutes.,0,0,Normal
C0943,V003,R10,Zone C,9.95,Low,3,Normal,0,8,15,28,44,40,50,Morning,SAFE,28,7,38,16,6,⚠️ Delay update: Your waste collection ETA has increased by 10 minutes.,1,0,Long Collection Time
C0944,V003,R07,Zone A,1.35,Low,1,Normal,0,7,11,10,21,37,50,Morning,SAFE,10,4,15,11,6,⚠️ Delay update: Your waste collection ETA has increased by 5 minutes.,1,0,Other Operational Delay
C0945,V003,R06,Zone A,0.52,Medium,8,Normal,0,3,5,5,19,29,50,Evening,SAFE,5,2,15,14,4,⚠️ Delay update: Your waste collection ETA has increased by 10 minutes.,1,0,Other Operational Delay
C0946,V003,R06,Zone E,0.92,Low,0,Normal,0,5,6,7,9,53,50,Afternoon,OVERLOADED,7,1,8,2,1,ℹ️ ETA updated by 1 minutes.,0,0,Normal
C0947,V002,R05,Zone A,3.75,Low,2,Normal,0,3,4,11,14,45,50,Morning,SAFE,11,1,14,3,0,ℹ️ ETA updated by 3 minutes.,0,0,Normal
C0948,V004,R06,Zone B,6.51,High,29,Normal,0,5,5,19,53,49,50,Morning,SAFE,19,0,48,34,5,🚨 Major delay: Your waste collection ETA has increased by 29 minutes.,1,0,Heavy Traffic
C0949,V005,R09,Zone E,1.16,Low,2,Changed,4,7,7,10,17,28,50,Morning,SAFE,10,0,16,7,1,⚠️ Delay update: Your waste collection ETA has increased by 6 minutes.,0,0,Normal
C0950,V001,R10,Zone A,0.55,Low,3,Normal,0,7,15,9,25,50,50,Morning,SAFE,9,8,20,16,5,⚠️ Delay update: Your waste collection ETA has increased by 11 minutes.,1,0,Long Collection Time
C0951,V004,R09,Zone C,9.4,Low,3,Normal,0,6,9,25,37,23,50,Afternoon,SAFE,25,3,31,12,6,⚠️ Delay update: Your waste collection ETA has increased by 6 minutes.,1,0,Other Operational Delay
C0952,V003,R10,Zone B,8.31,High,23,Normal,0,5,12,22,57,25,50,Afternoon,SAFE,22,7,52,35,5,🚨 Major delay: Your waste collection ETA has increased by 30 minutes.,1,0,Heavy Traffic
C0953,V004,R08,Zone C,8.19,Low,2,Normal,0,7,7,24,32,33,50,Afternoon,SAFE,24,0,26,8,6,ℹ️ ETA updated by 2 minutes.,0,0,Normal
C0954,V005,R10,Zone C,8.9,High,20,Normal,0,8,8,26,47,23,50,Afternoon,SAFE,26,0,46,21,1,🚨 Major delay: Your waste collection ETA has increased by 20 minutes.,1,0,Heavy Traffic
C0955,V001,R09,Zone E,7.15,Medium,4,Normal,0,4,8,19,33,45,50,Morning,SAFE,19,4,27,14,6,⚠️ Delay update: Your waste collection ETA has increased by 8 minutes.,1,0,Other Operational Delay
C0956,V001,R10,Zone D,1.49,Low,0,Normal,0,6,14,9,24,58,50,Evening,OVERLOADED,9,8,17,15,7,⚠️ Delay update: Your waste collection ETA has increased by 8 minutes.,1,0,Long Collection Time
C0957,V005,R08,Zone E,4.29,High,12,Normal,0,3,3,12,26,36,50,Afternoon,SAFE,12,0,24,14,2,⚠️ Delay update: Your waste collection ETA has increased by 12 minutes.,1,0,Other Operational Delay
C0958,V005,R08,Zone B,7.37,Low,0,Normal,0,6,8,21,29,38,50,Afternoon,SAFE,21,2,23,8,6,ℹ️ ETA updated by 2 minutes.,0,0,Normal
C0959,V003,R01,Zone B,3.16,Low,3,Normal,0,4,8,11,22,25,50,Morning,SAFE,11,4,18,11,4,⚠️ Delay update: Your waste collection ETA has increased by 7 minutes.,1,0,Other Operational Delay
C0960,V001,R10,Zone E,7.03,High,28,Normal,0,5,8,20,52,48,50,Morning,SAFE,20,3,51,32,1,🚨 Major delay: Your waste collection ETA has increased by 31 minutes.,1,0,Heavy Traffic
C0961,V004,R05,Zone D,0.73,Medium,9,Normal,0,3,2,5,20,30,50,Morning,SAFE,5,-1,13,15,7,⚠️ Delay update: Your waste collection ETA has increased by 8 minutes.,1,0,Other Operational Delay
C0962,V002,R04,Zone E,3.41,Medium,9,Normal,0,3,7,10,23,35,50,Morning,SAFE,10,4,23,13,0,⚠️ Delay update: Your waste collection ETA has increased by 13 minutes.,1,0,Other Operational Delay
C0963,V002,R02,Zone B,5.72,Low,1,Normal,0,5,4,17,22,49,50,Evening,SAFE,17,-1,17,5,5,✅ Your waste collection is on schedule.,0,0,Normal
C0964,V005,R08,Zone D,6.5,Medium,10,Normal,0,6,7,19,37,44,50,Evening,SAFE,19,1,30,18,7,⚠️ Delay update: Your waste collection ETA has increased by 11 minutes.,1,0,Other Operational Delay
C0965,V003,R03,Zone B,5.98,Medium,8,Normal,0,7,15,19,38,59,50,Afternoon,OVERLOADED,19,8,35,19,3,🚨 Major delay: Your waste collection ETA has increased by 16 minutes.,1,0,Long Collection Time
C0966,V002,R04,Zone D,7.13,Low,2,Changed,3,6,9,21,36,30,50,Evening,SAFE,21,3,29,15,7,⚠️ Delay update: Your waste collection ETA has increased by 8 minutes.,1,0,Other Operational Delay
C0967,V001,R07,Zone D,0.56,Low,3,Normal,0,4,12,6,18,26,50,Afternoon,SAFE,6,8,17,12,1,⚠️ Delay update: Your waste collection ETA has increased by 11 minutes.,1,0,Long Collection Time
C0968,V005,R10,Zone E,1.46,Low,2,Normal,0,8,11,11,23,45,50,Afternoon,SAFE,11,3,16,12,7,⚠️ Delay update: Your waste collection ETA has increased by 5 minutes.,1,0,Other Operational Delay
C0969,V004,R09,Zone E,8.75,Low,0,Changed,4,7,15,25,44,41,50,Evening,SAFE,25,8,37,19,7,⚠️ Delay update: Your waste collection ETA has increased by 12 minutes.,1,0,Long Collection Time
C0970,V005,R02,Zone E,6.98,High,18,Normal,0,6,10,20,46,44,50,Afternoon,SAFE,20,4,42,26,4,🚨 Major delay: Your waste collection ETA has increased by 22 minutes.,1,0,Heavy Traffic
C0971,V004,R03,Zone D,1.57,Medium,8,Normal,0,8,16,12,34,38,50,Morning,SAFE,12,8,28,22,6,🚨 Major delay: Your waste collection ETA has increased by 16 minutes.,1,0,Long Collection Time
C0972,V005,R04,Zone D,8.5,High,15,Changed,6,8,14,25,57,50,50,Afternoon,SAFE,25,6,52,32,5,🚨 Major delay: Your waste collection ETA has increased by 27 minutes.,1,0,Heavy Traffic
C0973,V005,R10,Zone B,2.8,Low,2,Normal,0,5,8,11,18,45,50,Morning,SAFE,11,3,16,7,2,⚠️ Delay update: Your waste collection ETA has increased by 5 minutes.,0,0,Normal
C0974,V005,R01,Zone C,5.04,Medium,4,Normal,0,4,3,15,18,60,50,Evening,OVERLOADED,15,-1,18,3,0,ℹ️ ETA updated by 3 minutes.,0,0,Normal
C0975,V004,R07,Zone E,1.88,Low,2,Normal,0,4,7,8,15,55,50,Evening,OVERLOADED,8,3,13,7,2,⚠️ Delay update: Your waste collection ETA has increased by 5 minutes.,0,0,Normal
C0976,V004,R02,Zone B,7.25,Low,1,Normal,0,4,5,19,28,42,50,Afternoon,SAFE,19,1,21,9,7,ℹ️ ETA updated by 2 minutes.,0,0,Normal
C0977,V005,R05,Zone B,6.84,Low,1,Normal,0,7,9,21,27,32,50,Morning,SAFE,21,2,24,6,3,ℹ️ ETA updated by 3 minutes.,0,0,Normal
C0978,V002,R01,Zone A,2.51,Low,0,Normal,0,3,9,9,16,44,50,Afternoon,SAFE,9,6,15,7,1,⚠️ Delay update: Your waste collection ETA has increased by 6 minutes.,0,0,Long Collection Time
C0979,V003,R03,Zone E,8.7,Medium,8,Changed,8,7,12,25,51,21,50,Evening,SAFE,25,5,46,26,5,🚨 Major delay: Your waste collection ETA has increased by 21 minutes.,1,0,Route Change / Blockage
C0980,V003,R02,Zone B,4.31,High,17,Changed,7,6,9,15,43,21,50,Afternoon,SAFE,15,3,42,28,1,🚨 Major delay: Your waste collection ETA has increased by 27 minutes.,1,0,Heavy Traffic
C0981,V003,R01,Zone A,3.28,Medium,10,Changed,4,8,8,15,33,35,50,Afternoon,SAFE,15,0,29,18,4,⚠️ Delay update: Your waste collection ETA has increased by 14 minutes.,1,0,Other Operational Delay
C0982,V004,R07,Zone E,1.95,Low,0,Changed,5,8,12,12,22,28,50,Morning,SAFE,12,4,21,10,1,⚠️ Delay update: Your waste collection ETA has increased by 9 minutes.,0,0,Normal
C0983,V004,R05,Zone D,3.03,Low,3,Changed,4,3,7,10,21,47,50,Evening,SAFE,10,4,21,11,0,⚠️ Delay update: Your waste collection ETA has increased by 11 minutes.,1,0,Other Operational Delay
C0984,V002,R01,Zone A,0.71,Low,3,Normal,0,6,14,8,22,32,50,Afternoon,SAFE,8,8,19,14,3,⚠️ Delay update: Your waste collection ETA has increased by 11 minutes.,1,0,Long Collection Time
C0985,V003,R06,Zone D,6.04,Medium,10,Normal,0,3,11,16,36,54,50,Morning,OVERLOADED,16,8,34,20,2,🚨 Major delay: Your waste collection ETA has increased by 18 minutes.,1,0,Long Collection Time
C0986,V003,R05,Zone C,8.5,Medium,6,Normal,0,8,12,25,42,60,50,Afternoon,OVERLOADED,25,4,35,17,7,⚠️ Delay update: Your waste collection ETA has increased by 10 minutes.,1,0,Other Operational Delay
C0987,V005,R03,Zone C,5.72,High,16,Changed,3,7,14,19,52,32,50,Morning,SAFE,19,7,45,33,7,🚨 Major delay: Your waste collection ETA has increased by 26 minutes.,1,0,Heavy Traffic
C0988,V004,R07,Zone C,2.58,Low,2,Normal,0,4,10,10,21,50,50,Morning,SAFE,10,6,18,11,3,⚠️ Delay update: Your waste collection ETA has increased by 8 minutes.,1,0,Long Collection Time
C0989,V003,R10,Zone C,0.82,Medium,9,Normal,0,8,14,10,30,40,50,Afternoon,SAFE,10,6,25,20,5,🚨 Major delay: Your waste collection ETA has increased by 15 minutes.,1,0,Long Collection Time
C0990,V002,R09,Zone B,2.54,Medium,6,Normal,0,5,4,11,17,51,50,Evening,OVERLOADED,11,-1,16,6,1,⚠️ Delay update: Your waste collection ETA has increased by 5 minutes.,0,0,Normal
C0991,V002,R09,Zone C,4.45,Medium,8,Normal,0,4,7,13,29,53,50,Evening,OVERLOADED,13,3,24,16,5,⚠️ Delay update: Your waste collection ETA has increased by 11 minutes.,1,0,Other Operational Delay
C0992,V003,R09,Zone B,7.72,Medium,9,Normal,0,8,13,24,40,27,50,Morning,SAFE,24,5,38,16,2,⚠️ Delay update: Your waste collection ETA has increased by 14 minutes.,1,0,Long Collection Time
C0993,V004,R02,Zone B,2.28,Medium,5,Normal,0,7,11,12,26,60,50,Evening,OVERLOADED,12,4,21,14,5,⚠️ Delay update: Your waste collection ETA has increased by 9 minutes.,1,0,Other Operational Delay
C0994,V002,R03,Zone E,7.34,Medium,6,Normal,0,3,6,18,31,21,50,Morning,SAFE,18,3,27,13,4,⚠️ Delay update: Your waste collection ETA has increased by 9 minutes.,1,0,Other Operational Delay
C0995,V005,R07,Zone B,8.74,Low,3,Normal,0,4,10,22,34,57,50,Evening,OVERLOADED,22,6,31,12,3,⚠️ Delay update: Your waste collection ETA has increased by 9 minutes.,1,0,Long Collection Time
C0996,V002,R05,Zone B,4.81,Medium,9,Normal,0,7,8,17,29,51,50,Afternoon,OVERLOADED,17,1,27,12,2,⚠️ Delay update: Your waste collection ETA has increased by 10 minutes.,1,0,Other Operational Delay
C0997,V001,R02,Zone C,8.3,Low,2,Normal,0,6,10,23,31,59,50,Evening,OVERLOADED,23,4,29,8,2,⚠️ Delay update: Your waste collection ETA has increased by 6 minutes.,0,0,Normal
C0998,V001,R03,Zone B,5.77,Medium,4,Normal,0,5,8,17,30,47,50,Morning,SAFE,17,3,24,13,6,⚠️ Delay update: Your waste collection ETA has increased by 7 minutes.,1,0,Other Operational Delay
C0999,V004,R10,Zone D,6.55,Medium,10,Normal,0,4,10,18,36,56,50,Morning,OVERLOADED,18,6,34,18,2,🚨 Major delay: Your waste collection ETA has increased by 16 minutes.,1,0,Long Collection Time
C1000,V003,R06,Zone C,5.5,Medium,5,Normal,0,3,5,14,27,60,50,Evening,OVERLOADED,14,2,21,13,6,⚠️ Delay update: Your waste collection ETA has increased by 7 minutes.,1,0,Other Operational Delay
